Country,Happiness_Score,GDP,Social_Support,Life_Expectancy,Freedom,Generosity,Corruption,Year
Switzerland,7.587,1.39651,1.34951,0.94143,0.66557,0.29678,0.41978,2015
Iceland,7.561,1.30232,1.40223,0.94784,0.62877,0.4363,0.14145,2015
Denmark,7.527,1.32548,1.36058,0.87464,0.64938,0.34139,0.48357,2015
Norway,7.522,1.459,1.33095,0.88521,0.66973,0.34699,0.36503,2015
Canada,7.427,1.32629,1.32261,0.90563,0.63297,0.45811,0.32957,2015
Finland,7.406,1.29025,1.31826,0.88911,0.64169,0.23351,0.41372,2015
Netherlands,7.378,1.32944,1.28017,0.89284,0.61576,0.4761,0.31814,2015
Sweden,7.364,1.33171,1.28907,0.91087,0.6598,0.36262,0.43844,2015
New Zealand,7.286,1.25018,1.31967,0.90837,0.63938,0.47501,0.42922,2015
Australia,7.284,1.33358,1.30923,0.93156,0.65124,0.43562,0.35637,2015
Israel,7.278,1.22857,1.22393,0.91387,0.41319,0.33172,0.07785,2015
Costa Rica,7.226,0.95578,1.23788,0.86027,0.63376,0.25497,0.10583,2015
Austria,7.2,1.33723,1.29704,0.89042,0.62433,0.33088,0.18676,2015
Mexico,7.187,1.02054,0.91451,0.81444,0.48181,0.14074,0.21312,2015
United States,7.119,1.39451,1.24711,0.86179,0.54604,0.40105,0.1589,2015
Brazil,6.983,0.98124,1.23287,0.69702,0.49049,0.14574,0.17521,2015
Luxembourg,6.946,1.56391,1.21963,0.91894,0.61583,0.28034,0.37798,2015
Ireland,6.94,1.33596,1.36948,0.89533,0.61777,0.45901,0.28703,2015
Belgium,6.937,1.30782,1.28566,0.89667,0.5845,0.2225,0.2254,2015
United Arab Emirates,6.901,1.42727,1.12575,0.80925,0.64157,0.26428,0.38583,2015
United Kingdom,6.867,1.26637,1.28548,0.90943,0.59625,0.51912,0.32067,2015
Oman,6.853,1.36011,1.08182,0.76276,0.63274,0.21542,0.32524,2015
Venezuela,6.81,1.04424,1.25596,0.72052,0.42908,0.05841,0.11069,2015
Singapore,6.798,1.52186,1.02,1.02525,0.54252,0.31105,0.4921,2015
Panama,6.786,1.06353,1.1985,0.79661,0.5421,0.24434,0.0927,2015
Germany,6.75,1.32792,1.29937,0.89186,0.61477,0.28214,0.21843,2015
Chile,6.67,1.10715,1.12447,0.85857,0.44132,0.33363,0.12869,2015
Qatar,6.611,1.69042,1.0786,0.79733,0.6404,0.32573,0.52208,2015
France,6.575,1.27778,1.26038,0.94579,0.55011,0.12332,0.20646,2015
Argentina,6.574,1.05351,1.24823,0.78723,0.44974,0.11451,0.08484,2015
Czechia,6.505,1.17898,1.20643,0.84483,0.46364,0.10686,0.02652,2015
Uruguay,6.485,1.06166,1.2089,0.8116,0.60362,0.2324,0.24558,2015
Colombia,6.477,0.91861,1.24018,0.69077,0.53466,0.18401,0.0512,2015
Thailand,6.455,0.9669,1.26504,0.7385,0.55664,0.5763,0.03187,2015
Saudi Arabia,6.411,1.39541,1.08393,0.72025,0.31048,0.13706,0.32524,2015
Spain,6.329,1.23011,1.31379,0.95562,0.45951,0.18227,0.06398,2015
Malta,6.302,1.2074,1.30203,0.88721,0.60365,0.51752,0.13586,2015
Taiwan,6.298,1.29098,1.07617,0.8753,0.3974,0.25376,0.08129,2015
Kuwait,6.295,1.55422,1.16594,0.72492,0.55499,0.16228,0.25609,2015
Suriname,6.269,0.99534,0.972,0.6082,0.59657,0.16991,0.13633,2015
Trinidad and Tobago,6.168,1.21183,1.18354,0.61483,0.55884,0.31844,0.0114,2015
El Salvador,6.13,0.76454,1.02507,0.67737,0.4035,0.10692,0.11776,2015
Guatemala,6.123,0.74553,1.04356,0.64425,0.57733,0.27489,0.09472,2015
Uzbekistan,6.003,0.63244,1.34043,0.59772,0.65821,0.22837,0.30826,2015
Slovakia,5.995,1.16891,1.26999,0.78902,0.31751,0.16893,0.03431,2015
Japan,5.987,1.27074,1.25712,0.99111,0.49615,0.10705,0.1806,2015
South Korea,5.984,1.24461,0.95774,0.96538,0.33208,0.18557,0.07857,2015
Ecuador,5.975,0.86402,0.99903,0.79075,0.48574,0.11541,0.1809,2015
Bahrain,5.96,1.32376,1.21624,0.74716,0.45492,0.17362,0.306,2015
Italy,5.948,1.25114,1.19777,0.95446,0.26236,0.22823,0.02901,2015
Bolivia,5.89,0.68133,0.97841,0.5392,0.57414,0.20536,0.088,2015
Moldova,5.889,0.59448,1.01528,0.61826,0.32818,0.20951,0.01615,2015
Paraguay,5.878,0.75985,1.30477,0.66098,0.53899,0.3424,0.08242,2015
Kazakhstan,5.855,1.12254,1.12241,0.64368,0.51649,0.11827,0.08454,2015
Slovenia,5.848,1.18498,1.27385,0.87337,0.60855,0.25328,0.03787,2015
Lithuania,5.833,1.14723,1.25745,0.73128,0.21342,0.02641,0.01031,2015
Nicaragua,5.828,0.59325,1.14184,0.74314,0.55475,0.27815,0.19317,2015
Peru,5.824,0.90019,0.97459,0.73017,0.41496,0.14982,0.05989,2015
Belarus,5.813,1.03192,1.23289,0.73608,0.37938,0.11046,0.1909,2015
Poland,5.791,1.12555,1.27948,0.77903,0.53122,0.16759,0.04212,2015
Malaysia,5.77,1.12486,1.07023,0.72394,0.53024,0.33075,0.10501,2015
Croatia,5.759,1.08254,0.79624,0.78805,0.25883,0.05444,0.0243,2015
Libya,5.754,1.13145,1.11862,0.7038,0.41668,0.18295,0.11023,2015
Russia,5.716,1.13764,1.23617,0.66926,0.36679,0.00199,0.03005,2015
Jamaica,5.709,0.81038,1.15102,0.68741,0.50442,0.2123,0.02299,2015
Cyprus,5.695,1.20806,1.07008,0.92356,0.49027,0.26169,0.1428,2015
Cyprus,5.689,1.20813,0.89318,0.92356,0.40672,0.30638,0.06146,2015
Algeria,5.605,0.93929,1.07772,0.61766,0.28579,0.07822,0.17383,2015
Kosovo,5.589,0.80148,0.81198,0.63132,0.24749,0.2831,0.04741,2015
Turkmenistan,5.548,0.95847,1.22668,0.53886,0.4761,0.16979,0.30844,2015
Mauritius,5.477,1.00761,0.98521,0.7095,0.56066,0.37744,0.07521,2015
Hong Kong,5.474,1.38604,1.05818,1.01328,0.59608,0.39478,0.37124,2015
Estonia,5.429,1.15174,1.22791,0.77361,0.44888,0.0868,0.15184,2015
Indonesia,5.399,0.82827,1.08708,0.63793,0.46611,0.51535,0.0,2015
Vietnam,5.36,0.63216,0.91226,0.74676,0.59444,0.1686,0.10441,2015
T端rkiye,5.332,1.06098,0.94632,0.73172,0.22815,0.12253,0.15746,2015
Kyrgyz Republic,5.286,0.47428,1.15115,0.65088,0.43477,0.3003,0.04232,2015
Nigeria,5.268,0.65435,0.90432,0.16007,0.34334,0.27233,0.0403,2015
Bhutan,5.253,0.77042,1.10395,0.57407,0.53206,0.47998,0.15445,2015
Azerbaijan,5.212,1.02389,0.93793,0.64045,0.3703,0.07799,0.16065,2015
Pakistan,5.194,0.59543,0.41411,0.51466,0.12102,0.33671,0.10464,2015
Jordan,5.192,0.90198,1.05392,0.69639,0.40661,0.11053,0.14293,2015
Montenegro,5.192,0.97438,0.90557,0.72521,0.1826,0.1614,0.14296,2015
China,5.14,0.89012,0.94675,0.81658,0.51697,0.08185,0.02781,2015
Zambia,5.129,0.47038,0.91612,0.29924,0.48827,0.19591,0.12468,2015
Romania,5.124,1.04345,0.88588,0.7689,0.35068,0.13748,0.00649,2015
Serbia,5.123,0.92053,1.00964,0.74836,0.20107,0.19231,0.02617,2015
Portugal,5.102,1.15991,1.13935,0.87519,0.51469,0.13719,0.01078,2015
Latvia,5.098,1.11312,1.09562,0.72437,0.29671,0.18226,0.06332,2015
Philippines,5.073,0.70532,1.03516,0.58114,0.62545,0.24991,0.12279,2015
Somalia,5.057,0.18847,0.95152,0.43873,0.46582,0.50318,0.39928,2015
Morocco,5.013,0.73479,0.64095,0.60954,0.41691,0.07172,0.08546,2015
North Macedonia,5.007,0.91851,1.00232,0.73545,0.33457,0.22359,0.05327,2015
Mozambique,4.971,0.08308,1.02626,0.09131,0.34037,0.22269,0.15603,2015
Albania,4.959,0.87867,0.80434,0.81325,0.35733,0.14272,0.06413,2015
Bosnia and Herzegovina,4.949,0.83223,0.91916,0.79081,0.09245,0.24808,0.00227,2015
Lesotho,4.898,0.37545,1.04103,0.07612,0.31767,0.16388,0.12504,2015
Dominican Republic,4.885,0.89537,1.17202,0.66825,0.57672,0.21684,0.14234,2015
Laos,4.876,0.59066,0.73803,0.54909,0.59591,0.42192,0.24249,2015
Mongolia,4.874,0.82819,1.3006,0.60268,0.43626,0.3323,0.02666,2015
Eswatini,4.867,0.71206,1.07284,0.07566,0.30658,0.18259,0.0306,2015
Greece,4.857,1.15406,0.92933,0.88213,0.07699,0.0,0.01397,2015
Lebanon,4.839,1.02564,0.80001,0.83947,0.33916,0.21854,0.04582,2015
Hungary,4.8,1.12094,1.20215,0.75905,0.32112,0.128,0.02758,2015
Honduras,4.788,0.59532,0.95348,0.6951,0.40148,0.23027,0.06825,2015
Tajikistan,4.786,0.39047,0.85563,0.57379,0.47216,0.22974,0.15072,2015
Tunisia,4.739,0.88113,0.60429,0.73793,0.26268,0.06431,0.06358,2015
Palestine,4.715,0.59867,0.92558,0.66015,0.24499,0.11251,0.12905,2015
Bangladesh,4.694,0.39753,0.43106,0.60164,0.4082,0.21222,0.12569,2015
Iran,4.686,1.0088,0.54447,0.69805,0.30033,0.38086,0.05863,2015
Ukraine,4.681,0.79907,1.20278,0.6739,0.25123,0.15275,0.02961,2015
Iraq,4.677,0.98549,0.81889,0.60237,0.0,0.17922,0.13788,2015
South Africa,4.642,0.92049,1.18468,0.27688,0.33207,0.11973,0.08884,2015
Ghana,4.633,0.54558,0.67954,0.40132,0.42342,0.23087,0.04355,2015
Zimbabwe,4.61,0.271,1.03276,0.33475,0.25861,0.18987,0.08079,2015
Liberia,4.571,0.0712,0.78968,0.34201,0.28531,0.24362,0.06232,2015
India,4.565,0.64499,0.38174,0.51529,0.39786,0.26475,0.08492,2015
Sudan,4.55,0.52107,1.01404,0.36878,0.10081,0.19062,0.1466,2015
Haiti,4.518,0.26673,0.74302,0.38847,0.24425,0.46187,0.17175,2015
DR Congo,4.517,0.0,1.0012,0.09806,0.22605,0.24834,0.07625,2015
Nepal,4.514,0.35997,0.86449,0.56874,0.38282,0.32296,0.05907,2015
Ethiopia,4.512,0.19073,0.60406,0.44055,0.4345,0.24325,0.15048,2015
Sierra Leone,4.507,0.33024,0.95571,0.0,0.4084,0.21488,0.08786,2015
Mauritania,4.436,0.45407,0.86908,0.35874,0.24232,0.219,0.17461,2015
Kenya,4.419,0.36471,0.99876,0.41435,0.42215,0.37542,0.05839,2015
Djibouti,4.369,0.44025,0.59207,0.36291,0.46074,0.18093,0.28105,2015
Armenia,4.35,0.76821,0.77711,0.7299,0.19847,0.07855,0.039,2015
Botswana,4.332,0.99355,1.10464,0.04776,0.49495,0.10461,0.12474,2015
Myanmar,4.307,0.27108,0.70905,0.48246,0.44017,0.79588,0.19034,2015
Georgia,4.297,0.7419,0.38562,0.72926,0.40577,0.05547,0.38331,2015
Malawi,4.292,0.01604,0.41134,0.22562,0.43054,0.33128,0.06977,2015
Sri Lanka,4.271,0.83524,1.01905,0.70806,0.53726,0.40828,0.09179,2015
Cameroon,4.252,0.4225,0.88767,0.23402,0.49309,0.20618,0.05786,2015
Bulgaria,4.218,1.01216,1.10614,0.76649,0.30587,0.11921,0.00872,2015
Egypt,4.194,0.8818,0.747,0.61712,0.17288,0.11291,0.06324,2015
Yemen,4.077,0.54649,0.68093,0.40064,0.35571,0.09131,0.07854,2015
Angola,4.033,0.75778,0.8604,0.16683,0.10384,0.12344,0.07122,2015
Mali,3.995,0.26074,1.03526,0.20583,0.38857,0.18798,0.12352,2015
Congo Republic,3.989,0.67866,0.6629,0.31051,0.41466,0.12388,0.11686,2015
Comoros,3.956,0.23906,0.79273,0.36315,0.22917,0.17441,0.199,2015
Uganda,3.931,0.21102,1.13299,0.33861,0.45727,0.29066,0.07267,2015
Senegal,3.904,0.36498,0.97619,0.4354,0.36772,0.20843,0.10713,2015
Gabon,3.896,1.06024,0.90528,0.43372,0.31914,0.06822,0.11091,2015
Niger,3.845,0.0694,0.77265,0.29707,0.47692,0.19387,0.15639,2015
Cambodia,3.819,0.46038,0.62736,0.61114,0.66246,0.40359,0.07247,2015
Tanzania,3.781,0.2852,1.00268,0.38215,0.32878,0.34377,0.05747,2015
Madagascar,3.681,0.20824,0.66801,0.46721,0.19184,0.21333,0.08124,2015
Central African Republic,3.678,0.0785,0.0,0.06699,0.48879,0.23835,0.08289,2015
Chad,3.667,0.34193,0.76062,0.1501,0.23501,0.18386,0.05269,2015
Guinea,3.656,0.17417,0.46475,0.24009,0.37725,0.28657,0.12139,2015
Cote d'Ivoire,3.655,0.46534,0.77115,0.15185,0.46866,0.20165,0.17922,2015
Burkina Faso,3.587,0.25812,0.85188,0.27125,0.39493,0.21747,0.12832,2015
Afghanistan,3.575,0.31982,0.30285,0.30335,0.23414,0.3651,0.09719,2015
Rwanda,3.465,0.22208,0.7737,0.42864,0.59201,0.22628,0.55191,2015
Benin,3.34,0.28665,0.35386,0.3191,0.4845,0.1826,0.0801,2015
Syria,3.006,0.6632,0.47489,0.72193,0.15684,0.47179,0.18906,2015
Burundi,2.905,0.0153,0.41587,0.22396,0.1185,0.19727,0.10062,2015
Togo,2.839,0.20868,0.13995,0.28443,0.36453,0.16681,0.10731,2015
Denmark,7.526,1.44178,1.16374,0.79504,0.57941,0.36171,0.44453,2016
Switzerland,7.509,1.52733,1.14524,0.86303,0.58557,0.28083,0.41203,2016
Iceland,7.501,1.42666,1.18326,0.86733,0.56624,0.47678,0.14975,2016
Norway,7.498,1.57744,1.1269,0.79579,0.59609,0.37895,0.35776,2016
Finland,7.413,1.40598,1.13464,0.81091,0.57104,0.25492,0.41004,2016
Canada,7.404,1.44015,1.0961,0.8276,0.5737,0.44834,0.31329,2016
Netherlands,7.339,1.46468,1.02912,0.81231,0.55211,0.47416,0.29927,2016
New Zealand,7.334,1.36066,1.17278,0.83096,0.58147,0.49401,0.41904,2016
Australia,7.313,1.44443,1.10476,0.8512,0.56837,0.47407,0.32331,2016
Sweden,7.291,1.45181,1.08764,0.83121,0.58218,0.38254,0.40867,2016
Israel,7.267,1.33766,0.99537,0.84917,0.36432,0.32288,0.08728,2016
Austria,7.119,1.45038,1.08383,0.80565,0.54355,0.32865,0.21348,2016
United States,7.104,1.50796,1.04782,0.779,0.48163,0.41077,0.14868,2016
Costa Rica,7.087,1.06879,1.02152,0.76146,0.55225,0.22553,0.10547,2016
Puerto Rico,7.039,1.35943,1.08113,0.77758,0.46823,0.22202,0.12275,2016
Germany,6.994,1.44787,1.09774,0.81487,0.53466,0.30452,0.28551,2016
Brazil,6.952,1.08754,1.03938,0.61415,0.40425,0.15776,0.14166,2016
Belgium,6.929,1.42539,1.05249,0.81959,0.51354,0.2424,0.26248,2016
Ireland,6.907,1.48341,1.16157,0.81455,0.54008,0.44963,0.29754,2016
Luxembourg,6.871,1.69752,1.03999,0.84542,0.5487,0.27571,0.35329,2016
Mexico,6.778,1.11508,0.7146,0.71143,0.37709,0.11735,0.18355,2016
Singapore,6.739,1.64555,0.86758,0.94719,0.4877,0.32706,0.46987,2016
United Kingdom,6.725,1.40283,1.08672,0.80991,0.50036,0.50156,0.27399,2016
Chile,6.705,1.2167,0.90587,0.81883,0.37789,0.31595,0.11451,2016
Panama,6.701,1.18306,0.98912,0.70835,0.48927,0.2418,0.08423,2016
Argentina,6.65,1.15137,1.06612,0.69711,0.42284,0.10989,0.07296,2016
Czechia,6.596,1.30915,1.00793,0.76376,0.41418,0.09929,0.03986,2016
United Arab Emirates,6.573,1.57352,0.87114,0.72993,0.56215,0.26591,0.35561,2016
Uruguay,6.545,1.18157,1.03143,0.72183,0.54388,0.18056,0.21394,2016
Malta,6.488,1.30782,1.09879,0.80315,0.54994,0.56237,0.17554,2016
Colombia,6.481,1.03032,1.02169,0.59659,0.44735,0.15626,0.05399,2016
France,6.478,1.39488,1.00508,0.83795,0.46562,0.1216,0.17808,2016
Thailand,6.474,1.0893,1.04477,0.64915,0.49553,0.58696,0.02833,2016
Saudi Arabia,6.379,1.48953,0.84829,0.59267,0.37904,0.15457,0.30008,2016
Taiwan,6.379,1.39729,0.92624,0.79565,0.32377,0.25495,0.0663,2016
Qatar,6.375,1.82427,0.87964,0.71723,0.56679,0.32388,0.48049,2016
Spain,6.361,1.34253,1.12945,0.87896,0.37545,0.17665,0.06137,2016
Algeria,6.355,1.05266,0.83309,0.61804,0.21006,0.07044,0.16157,2016
Guatemala,6.324,0.83454,0.87119,0.54039,0.50379,0.28808,0.08701,2016
Suriname,6.269,1.09686,0.77866,0.50933,0.52234,0.16665,0.12692,2016
Kuwait,6.239,1.61714,0.87758,0.63569,0.43166,0.15965,0.23669,2016
Bahrain,6.218,1.44024,0.94397,0.65696,0.47375,0.17147,0.25772,2016
Trinidad and Tobago,6.168,1.32572,0.98569,0.52608,0.48453,0.31935,0.01241,2016
Venezuela,6.084,1.13367,1.03302,0.61904,0.19847,0.0425,0.08304,2016
Slovakia,6.078,1.27973,1.08268,0.70367,0.23391,0.13837,0.02947,2016
El Salvador,6.068,0.8737,0.80975,0.596,0.37269,0.08877,0.10613,2016
Malaysia,6.005,1.25142,0.88025,0.62366,0.39031,0.41474,0.09081,2016
Nicaragua,5.992,0.69384,0.89521,0.65213,0.46582,0.29773,0.16292,2016
Uzbekistan,5.987,0.73591,1.1681,0.50163,0.60848,0.34326,0.28333,2016
Italy,5.977,1.35495,1.04167,0.85102,0.18827,0.16684,0.02556,2016
Ecuador,5.976,0.97306,0.85974,0.68613,0.4027,0.10074,0.18037,2016
Belize,5.956,0.87616,0.68655,0.45569,0.51231,0.23684,0.10771,2016
Japan,5.921,1.38007,1.06054,0.91491,0.46761,0.10224,0.18985,2016
Kazakhstan,5.919,1.22943,0.95544,0.57386,0.4052,0.15011,0.11132,2016
Moldova,5.897,0.69177,0.83132,0.52309,0.25202,0.19997,0.01903,2016
Russia,5.856,1.23228,1.05261,0.58991,0.32682,0.02736,0.03586,2016
Poland,5.835,1.24585,1.04685,0.69058,0.4519,0.14443,0.055,2016
South Korea,5.835,1.35948,0.72194,0.88645,0.25168,0.18824,0.07716,2016
Bolivia,5.822,0.79422,0.83779,0.4697,0.50961,0.21698,0.07746,2016
Lithuania,5.813,1.2692,1.06411,0.64674,0.18929,0.02025,0.0182,2016
Belarus,5.802,1.13062,1.04993,0.63104,0.29091,0.13942,0.17457,2016
Cyprus,5.771,1.31141,0.81826,0.84142,0.43596,0.26322,0.16578,2016
Slovenia,5.768,1.29947,1.05613,0.79151,0.53164,0.25738,0.03635,2016
Peru,5.743,0.99602,0.81255,0.62994,0.37502,0.14527,0.05292,2016
Turkmenistan,5.658,1.08017,1.03817,0.44006,0.37408,0.22567,0.28467,2016
Mauritius,5.648,1.14372,0.75695,0.66189,0.46145,0.36951,0.05203,2016
Libya,5.615,1.06688,0.95076,0.52304,0.40672,0.17087,0.10339,2016
Latvia,5.56,1.21788,0.95025,0.63952,0.27996,0.17445,0.0889,2016
Cyprus,5.546,1.31857,0.70697,0.8488,0.29507,0.27906,0.05228,2016
Paraguay,5.538,0.89373,1.11111,0.58295,0.46235,0.25296,0.07396,2016
Romania,5.528,1.1697,0.72803,0.67602,0.36712,0.12889,0.00679,2016
Estonia,5.517,1.27964,1.05163,0.68098,0.41511,0.08423,0.18519,2016
Jamaica,5.51,0.89333,0.96372,0.59469,0.43597,0.22245,0.04294,2016
Croatia,5.488,1.18649,0.60809,0.70524,0.23907,0.18434,0.04002,2016
Hong Kong,5.458,1.5107,0.87021,0.95277,0.48079,0.40097,0.31647,2016
Somalia,5.44,0.0,0.33613,0.11466,0.56778,0.27225,0.3118,2016
Kosovo,5.401,0.90145,0.66062,0.54,0.14396,0.27992,0.06547,2016
T端rkiye,5.389,1.16492,0.87717,0.64718,0.23889,0.04707,0.12348,2016
Indonesia,5.314,0.95104,0.87625,0.49374,0.39237,0.56521,0.00322,2016
Jordan,5.303,0.99673,0.86216,0.60712,0.36023,0.14262,0.13297,2016
Azerbaijan,5.291,1.12373,0.76042,0.54504,0.35327,0.0564,0.17914,2016
Philippines,5.279,0.81217,0.87877,0.47036,0.54854,0.21674,0.11757,2016
China,5.245,1.0278,0.79381,0.73561,0.44012,0.04959,0.02745,2016
Bhutan,5.196,0.8527,0.90836,0.49759,0.46074,0.48546,0.1616,2016
Kyrgyz Republic,5.185,0.56044,0.95434,0.55449,0.40212,0.38432,0.04762,2016
Serbia,5.177,1.03437,0.81329,0.6458,0.15718,0.20737,0.04339,2016
Bosnia and Herzegovina,5.163,0.93383,0.64367,0.70766,0.09511,0.29889,0.0,2016
Montenegro,5.161,1.07838,0.74173,0.63533,0.15111,0.17191,0.12721,2016
Dominican Republic,5.155,1.02787,0.99496,0.57669,0.52259,0.21286,0.12372,2016
Morocco,5.151,0.84058,0.38595,0.59471,0.25646,0.04053,0.08404,2016
Hungary,5.145,1.24142,0.93164,0.67608,0.1977,0.099,0.04472,2016
Pakistan,5.132,0.68816,0.26135,0.40306,0.14622,0.31185,0.1388,2016
Lebanon,5.129,1.12268,0.64184,0.76171,0.26228,0.23693,0.03061,2016
Portugal,5.123,1.27607,0.94367,0.79363,0.44727,0.11691,0.01521,2016
North Macedonia,5.121,1.0193,0.78236,0.64738,0.27668,0.23507,0.07047,2016
Vietnam,5.061,0.74037,0.79117,0.66157,0.55954,0.25075,0.11556,2016
Somalia,5.057,0.25558,0.75862,0.33108,0.3913,0.51479,0.36794,2016
Tunisia,5.045,0.97724,0.43165,0.59577,0.23553,0.03936,0.0817,2016
Greece,5.033,1.24886,0.75473,0.80029,0.05822,0.0,0.04127,2016
Tajikistan,4.996,0.48835,0.75602,0.53119,0.43408,0.25998,0.13509,2016
Mongolia,4.907,0.98853,1.08983,0.55469,0.35972,0.34539,0.03285,2016
Laos,4.876,0.68042,0.5497,0.38291,0.52168,0.43079,0.22423,2016
Nigeria,4.875,0.75216,0.64498,0.05108,0.27854,0.23219,0.0305,2016
Honduras,4.871,0.69429,0.75596,0.58383,0.26755,0.2044,0.06906,2016
Iran,4.813,1.11758,0.38857,0.64232,0.22544,0.38538,0.0557,2016
Zambia,4.795,0.61202,0.6376,0.23573,0.42662,0.17866,0.11479,2016
Nepal,4.793,0.44626,0.69699,0.50073,0.37012,0.3816,0.07008,2016
Palestine,4.754,0.67024,0.71629,0.56844,0.17744,0.11154,0.10613,2016
Albania,4.655,0.9553,0.50163,0.73007,0.31866,0.1684,0.05301,2016
Bangladesh,4.643,0.54177,0.24749,0.52989,0.39778,0.19132,0.12583,2016
Sierra Leone,4.635,0.36485,0.628,0.0,0.30685,0.23897,0.08196,2016
Iraq,4.575,1.07474,0.59205,0.51076,0.24856,0.19589,0.13636,2016
Namibia,4.574,0.93287,0.70362,0.34745,0.48614,0.07795,0.10398,2016
Cameroon,4.513,0.52497,0.62542,0.12698,0.42736,0.2268,0.06126,2016
Ethiopia,4.508,0.29283,0.37932,0.34578,0.36703,0.29522,0.1717,2016
South Africa,4.459,1.02416,0.96053,0.18611,0.42483,0.13656,0.08415,2016
Sri Lanka,4.415,0.97318,0.84783,0.62007,0.50817,0.46978,0.07964,2016
India,4.404,0.74036,0.29247,0.45091,0.40285,0.25028,0.08722,2016
Myanmar,4.395,0.34112,0.69981,0.3988,0.42692,0.81971,0.20243,2016
Egypt,4.362,0.95395,0.49813,0.52116,0.18847,0.12706,0.10393,2016
Armenia,4.36,0.86086,0.62477,0.64083,0.14037,0.07793,0.03616,2016
Kenya,4.356,0.52267,0.7624,0.30147,0.40576,0.41328,0.06686,2016
Ukraine,4.324,0.87287,1.01413,0.58628,0.12859,0.20363,0.01829,2016
Ghana,4.276,0.63107,0.49353,0.29681,0.40973,0.21203,0.0326,2016
DR Congo,4.272,0.05661,0.80676,0.188,0.15602,0.25458,0.06075,2016
Georgia,4.252,0.83792,0.19249,0.64035,0.32461,0.06786,0.3188,2016
Congo Republic,4.236,0.77109,0.47799,0.28212,0.37938,0.12077,0.09753,2016
Senegal,4.219,0.44314,0.77416,0.40457,0.31056,0.19103,0.11681,2016
Bulgaria,4.217,1.11306,0.92542,0.67806,0.21219,0.12793,0.00615,2016
Mauritania,4.201,0.61391,0.84142,0.28639,0.1268,0.22686,0.17955,2016
Zimbabwe,4.193,0.35041,0.71478,0.1595,0.25429,0.18503,0.08582,2016
Malawi,4.156,0.08709,0.147,0.29364,0.4143,0.30968,0.07564,2016
Sudan,4.139,0.63069,0.81928,0.29759,0.0,0.18077,0.10039,2016
Gabon,4.121,1.15851,0.72368,0.3494,0.28098,0.06244,0.09314,2016
Mali,4.073,0.31292,0.86333,0.16347,0.27544,0.21064,0.13647,2016
Haiti,4.028,0.34097,0.29561,0.27494,0.12072,0.47958,0.14476,2016
Botswana,3.974,1.09426,0.89186,0.34752,0.44089,0.12425,0.10769,2016
Comoros,3.956,0.27509,0.60323,0.29981,0.15412,0.1827,0.18437,2016
Cote d'Ivoire,3.916,0.55507,0.57576,0.04476,0.40663,0.20338,0.1553,2016
Cambodia,3.907,0.55604,0.5375,0.42494,0.58852,0.40339,0.08092,2016
Angola,3.866,0.84731,0.66366,0.04991,0.00589,0.12071,0.08434,2016
Niger,3.856,0.1327,0.6053,0.26162,0.38041,0.2097,0.17176,2016
South Sudan,3.832,0.39394,0.18519,0.15781,0.19662,0.25899,0.13015,2016
Chad,3.763,0.42214,0.63178,0.03824,0.12807,0.18667,0.04952,2016
Burkina Faso,3.739,0.31995,0.63054,0.21297,0.3337,0.24353,0.12533,2016
Uganda,3.739,0.34719,0.90981,0.19625,0.43653,0.27102,0.06442,2016
Yemen,3.724,0.57939,0.47493,0.31048,0.2287,0.09821,0.05892,2016
Madagascar,3.695,0.27954,0.46115,0.37109,0.13684,0.2204,0.07506,2016
Tanzania,3.666,0.47155,0.77623,0.357,0.3176,0.31472,0.05099,2016
Liberia,3.622,0.10706,0.50353,0.23165,0.25748,0.24063,0.04852,2016
Guinea,3.607,0.22415,0.3109,0.18829,0.30953,0.29914,0.1192,2016
Rwanda,3.515,0.32846,0.61586,0.31865,0.5432,0.23552,0.50521,2016
Benin,3.484,0.39499,0.10419,0.21028,0.39747,0.2018,0.06681,2016
Afghanistan,3.36,0.38227,0.11037,0.17344,0.1643,0.31268,0.07112,2016
Togo,3.303,0.28123,0.0,0.24811,0.34678,0.17517,0.11587,2016
Syria,3.069,0.74719,0.14866,0.62994,0.06912,0.48397,0.17233,2016
Burundi,2.905,0.06831,0.23442,0.15747,0.0432,0.2029,0.09419,2016
Norway,7.53700017929077,,1.53352355957031,0.796666502952576,0.635422587394714,0.36201223731041,0.315963834524155,2017
Denmark,7.52199983596802,,1.55112159252167,0.792565524578094,0.626006722450256,0.355280488729477,0.40077006816864,2017
Iceland,7.50400018692017,,1.6105740070343,0.833552122116089,0.627162635326385,0.475540220737457,0.153526559472084,2017
Switzerland,7.49399995803833,,1.51691174507141,0.858131289482117,0.620070576667786,0.290549278259277,0.367007285356522,2017
Finland,7.4689998626709,,1.5402467250824,0.80915766954422,0.617950856685638,0.24548277258873,0.38261154294014,2017
Netherlands,7.3769998550415,,1.42893922328949,0.810696125030518,0.585384488105774,0.470489829778671,0.282661825418472,2017
Canada,7.31599998474121,,1.48134899139404,0.83455765247345,0.611100912094116,0.435539722442627,0.287371516227722,2017
New Zealand,7.31400012969971,,1.54819512367249,0.816759705543518,0.614062130451202,0.500005125999451,0.382816702127457,2017
Sweden,7.28399991989136,,1.47816216945648,0.830875158309937,0.612924098968506,0.385399252176285,0.384398728609085,2017
Australia,7.28399991989136,,1.51004195213318,0.84388679265976,0.601607382297516,0.477699249982834,0.301183730363846,2017
Israel,7.21299982070923,,1.37628996372223,0.83840399980545,0.405988603830338,0.330082654953003,0.0852421000599861,2017
Costa Rica,7.0789999961853,,1.41640365123749,0.759509265422821,0.580131649971008,0.214613229036331,0.100106589496136,2017
Austria,7.00600004196167,,1.4599449634552,0.815328419208527,0.567766189575195,0.316472321748734,0.221060365438461,2017
United States,6.99300003051758,,1.41992056369781,0.77428662776947,0.505740523338318,0.392578780651093,0.135638788342476,2017
Ireland,6.97700023651123,,1.55823111534119,0.80978262424469,0.573110342025757,0.42785832285881,0.29838815331459,2017
Germany,6.95100021362305,,1.47252035140991,0.798950731754303,0.562511384487152,0.336269170045853,0.276731938123703,2017
Belgium,6.89099979400635,,1.46231269836426,0.818091869354248,0.539770722389221,0.231503337621689,0.251343131065369,2017
Luxembourg,6.86299991607666,,1.45758366584778,0.845089495182037,0.59662789106369,0.283180981874466,0.31883442401886,2017
United Kingdom,6.71400022506714,,1.49646008014679,0.805335938930511,0.508190035820007,0.492774158716202,0.265428066253662,2017
Chile,6.65199995040894,,1.28402495384216,0.819479703903198,0.376895278692245,0.326662421226501,0.0822879821062088,2017
United Arab Emirates,6.64799976348877,,1.26641023159027,0.726798236370087,0.60834527015686,0.3609419465065,0.324489563703537,2017
Brazil,6.63500022888184,,1.43130600452423,0.616552352905273,0.437453746795654,0.16234989464283,0.111092761158943,2017
Czechia,6.60900020599365,,1.43388521671295,0.754444003105164,0.490946173667908,0.0881067588925362,0.0368729270994663,2017
Argentina,6.59899997711182,,1.44045114517212,0.695137083530426,0.494519203901291,0.109457060694695,0.059739887714386,2017
Mexico,6.57800006866455,,1.210862159729,0.709978997707367,0.412730008363724,0.120990432798862,0.132774114608765,2017
Singapore,6.57200002670288,,1.35381436347961,0.949492394924164,0.549840569496155,0.345965981483459,0.46430778503418,2017
Malta,6.52699995040894,,1.48841166496277,0.821944236755371,0.588767051696777,0.574730575084686,0.153066068887711,2017
Uruguay,6.4539999961853,,1.41222786903381,0.719216823577881,0.57939225435257,0.175096929073334,0.178061872720718,2017
Guatemala,6.4539999961853,,1.25558519363403,0.540239989757538,0.531310617923737,0.283488392829895,0.0772232785820961,2017
Panama,6.4520001411438,,1.37319254875183,0.706156134605408,0.550026834011078,0.21055693924427,0.070983923971653,2017
France,6.44199991226196,,1.38777685165405,0.844465851783752,0.470222115516663,0.129762306809425,0.172502428293228,2017
Thailand,6.42399978637695,,1.42579245567322,0.647239029407501,0.580200731754303,0.572123110294342,0.0316127352416515,2017
Taiwan,6.42199993133545,,1.38456535339355,0.793984234333038,0.361466586589813,0.258360475301743,0.0638292357325554,2017
Spain,6.40299987792969,,1.53209090232849,0.888960599899292,0.408781230449677,0.190133571624756,0.0709140971302986,2017
Qatar,6.375,,1.27429687976837,0.710098087787628,0.604130983352661,0.330473870038986,0.439299255609512,2017
Colombia,6.35699987411499,,1.4021829366684,0.595027923583984,0.477487415075302,0.149014472961426,0.0466687418520451,2017
Saudi Arabia,6.3439998626709,,1.28667759895325,0.590148329734802,0.449750572443008,0.147616013884544,0.27343225479126,2017
Trinidad and Tobago,6.16800022125244,,1.3802285194397,0.519983291625977,0.518630743026733,0.325296461582184,0.0089648161083459,2017
Kuwait,6.10500001907349,,1.25969874858856,0.632105708122253,0.496337592601776,0.228289797902107,0.215159550309181,2017
Slovakia,6.09800004959106,,1.50505924224854,0.712732911109924,0.295817464590073,0.136544480919838,0.0242108516395092,2017
Bahrain,6.08699989318848,,1.32311046123505,0.653133034706116,0.536746919155121,0.172668486833572,0.257042169570923,2017
Malaysia,6.08400011062622,,1.28464603424072,0.618784427642822,0.402264982461929,0.416608929634094,0.0656007081270218,2017
Nicaragua,6.07100009918213,,1.28721570968628,0.653095960617065,0.447551846504211,0.301674216985703,0.130687981843948,2017
Ecuador,6.00799989700317,,1.28616881370544,0.685636222362518,0.4551981985569,0.150112465023994,0.140134647488594,2017
El Salvador,6.00299978256226,,1.18212509155273,0.596018552780151,0.432452529668808,0.0782579854130745,0.0899809598922729,2017
Poland,5.97300004959106,,1.44571197032928,0.699475347995758,0.520342111587524,0.158465966582298,0.0593078061938286,2017
Uzbekistan,5.97100019454956,,1.54896914958954,0.498272627592087,0.658248662948608,0.415983647108078,0.246528223156929,2017
Italy,5.96400022506714,,1.44492328166962,0.853144347667694,0.256450712680817,0.17278964817524,0.0280280914157629,2017
Russia,5.96299982070923,,1.46928238868713,0.547349333763123,0.373783111572266,0.0522638224065304,0.0329628810286522,2017
Belize,5.95599985122681,,1.08141779899597,0.450191766023636,0.547509372234344,0.240015640854836,0.0965810716152191,2017
Japan,5.92000007629395,,1.43633782863617,0.913475871086121,0.505625545978546,0.12057276815176,0.163760736584663,2017
Lithuania,5.90199995040894,,1.47351610660553,0.62894994020462,0.234231784939766,0.010164656676352,0.0118656428530812,2017
Algeria,5.87200021743774,,1.1462174654007,0.617584645748138,0.233335807919502,0.0694366469979286,0.146096110343933,2017
Latvia,5.84999990463257,,1.40471494197845,0.638566970825195,0.325707912445068,0.153074786067009,0.0738427266478539,2017
South Korea,5.83799982070923,,1.12827444076538,0.900214076042175,0.257921665906906,0.206674367189407,0.0632826685905457,2017
Moldova,5.83799982070923,,1.25182557106018,0.589465200901031,0.240729048848152,0.208779126405716,0.0100912861526012,2017
Romania,5.82499980926514,,1.15009129047394,0.685158312320709,0.457003742456436,0.133519917726517,0.00438790069893,2017
Bolivia,5.82299995422363,,1.22761905193329,0.473630249500275,0.558732926845551,0.22556072473526,0.0604777261614799,2017
Turkmenistan,5.82200002670288,,1.49314916133881,0.437726080417633,0.41827192902565,0.24992498755455,0.259270340204239,2017
Kazakhstan,5.81899976730347,,1.38436901569366,0.606041550636292,0.437454283237457,0.201964423060417,0.119282886385918,2017
Cyprus,5.80999994277954,,1.18630337715149,0.834647238254547,0.471203625202179,0.266845703125,0.155353352427483,2017
Slovenia,5.75799989700317,,1.45251882076263,0.790828227996826,0.572575807571411,0.242649093270302,0.0451289787888527,2017
Peru,5.71500015258789,,1.21877038478851,0.630166113376617,0.450002878904343,0.126819714903831,0.0470490865409374,2017
Mauritius,5.62900018692017,,1.20956099033356,0.638007462024689,0.491247326135635,0.360933750867844,0.0421815551817417,2017
Cyprus,5.62099981307983,,1.13136327266693,0.84471470117569,0.355111539363861,0.271254301071167,0.0412379764020443,2017
Estonia,5.61100006103516,,1.47667109966278,0.695168316364288,0.479131430387497,0.0988908112049103,0.183248922228813,2017
Belarus,5.56899976730347,,1.44494521617889,0.637714266777039,0.295400261878967,0.15513750910759,0.156313821673393,2017
Libya,5.52500009536743,,1.35756433010101,0.520169019699097,0.465733230113983,0.152073666453362,0.0926102101802826,2017
T端rkiye,5.5,,1.33775317668915,0.637605607509613,0.300740599632263,0.0466930419206619,0.0996715798974037,2017
Paraguay,5.49300003051758,,1.50728487968445,0.579250693321228,0.473507791757584,0.224150657653809,0.091065913438797,2017
Hong Kong,5.47200012207031,,1.26279091835022,0.943062424659729,0.490968644618988,0.374465793371201,0.293933749198914,2017
Philippines,5.42999982833862,,1.25391757488251,0.468009054660797,0.585214674472809,0.193513423204422,0.0993318930268288,2017
Serbia,5.39499998092651,,1.25818979740143,0.65078467130661,0.208715528249741,0.220125883817673,0.0409037806093693,2017
Jordan,5.33599996566772,,1.23908889293671,0.604590058326721,0.418421149253845,0.172170460224152,0.11980327218771,2017
Hungary,5.32399988174438,,1.34313309192657,0.687763452529907,0.175863519310951,0.0784016624093056,0.0366369374096394,2017
Jamaica,5.31099987030029,,1.36821806430817,0.641022384166718,0.474307239055634,0.233818337321281,0.0552677810192108,2017
Croatia,5.29300022125244,,0.96798300743103,0.701288521289825,0.255772292613983,0.248002976179123,0.0431031100451946,2017
Kosovo,5.27899980545044,,1.13785350322723,0.541452050209045,0.260287940502167,0.319931447505951,0.0574716180562973,2017
China,5.27299976348877,,1.16083741188049,0.741415500640869,0.472787708044052,0.0288068410009146,0.0227942746132612,2017
Pakistan,5.26900005340576,,0.672690689563751,0.402047783136368,0.23521526157856,0.315446019172668,0.124348066747189,2017
Indonesia,5.26200008392334,,1.27444469928741,0.492345720529556,0.443323463201523,0.611704587936401,0.0153171354904771,2017
Venezuela,5.25,,1.43133759498596,0.617144227027893,0.153997123241425,0.0650196298956871,0.0644911229610443,2017
Montenegro,5.23699998855591,,1.23837649822235,0.667464673519135,0.194989055395126,0.197911024093628,0.0881741940975189,2017
Morocco,5.2350001335144,,0.774864435195923,0.59771066904068,0.408158332109451,0.0322099551558495,0.0877631828188896,2017
Azerbaijan,5.23400020599365,,1.15240025520325,0.540775775909424,0.398155838251114,0.0452693402767181,0.180987507104874,2017
Dominican Republic,5.23000001907349,,1.40241670608521,0.574873745441437,0.55258983373642,0.186967849731445,0.113945253193378,2017
Greece,5.22700023651123,,1.23941457271576,0.810198903083801,0.0957312509417534,0.0,0.04328977689147,2017
Lebanon,5.22499990463257,,1.12962424755096,0.735081076622009,0.288515985012054,0.264450758695602,0.037513829767704,2017
Portugal,5.19500017166138,,1.36704301834106,0.795843541622162,0.498465299606323,0.0951027125120163,0.0158694516867399,2017
Bosnia and Herzegovina,5.18200016021729,,1.0693359375,0.705186307430267,0.204403176903725,0.328867495059967,0.0,2017
Honduras,5.18100023269653,,1.14394497871399,0.582569479942322,0.348079860210419,0.236188873648643,0.0733454525470734,2017
North Macedonia,5.17500019073486,,1.20789301395416,0.644948184490204,0.325905978679657,0.25376096367836,0.0602777935564518,2017
Somalia,5.15100002288818,,0.721151351928711,0.113989137113094,0.602126955986023,0.291631311178207,0.282410323619843,2017
Vietnam,5.07399988174438,,1.27749133110046,0.652168989181519,0.571055591106415,0.234968051314354,0.0876332372426987,2017
Nigeria,5.07399988174438,,1.21577048301697,0.0569157302379608,0.394952565431595,0.230947196483612,0.0261215660721064,2017
Tajikistan,5.04099988937378,,1.27146327495575,0.529235124588013,0.471566706895828,0.248997643589973,0.146377146244049,2017
Bhutan,5.01100015640259,,1.34012651443481,0.495879292488098,0.501537680625916,0.474054545164108,0.173380389809608,2017
Kyrgyz Republic,5.00400018692017,,1.39423859119415,0.553457796573639,0.454943388700485,0.42858037352562,0.0394391790032387,2017
Nepal,4.96199989318848,,1.17928326129913,0.504130780696869,0.440305948257446,0.394096165895462,0.0729755461215973,2017
Mongolia,4.95499992370605,,1.4930112361908,0.557783484458923,0.394143968820572,0.338464230298996,0.0329022891819477,2017
South Africa,4.8289999961853,,1.38478863239288,0.187080070376396,0.479246735572815,0.139362379908562,0.0725094974040985,2017
Tunisia,4.80499982833862,,0.868351459503174,0.613212049007416,0.289680689573288,0.0496933571994305,0.0867231488227844,2017
Palestine,4.77500009536743,,1.15564715862274,0.565666973590851,0.25471106171608,0.114173173904419,0.0892826020717621,2017
Egypt,4.7350001335144,,0.997471392154694,0.520187258720398,0.282110154628754,0.128631442785263,0.114381365478039,2017
Bulgaria,4.71400022506714,,1.43437945842743,0.708217680454254,0.289231717586517,0.113177694380283,0.0110515309497714,2017
Sierra Leone,4.70900011062622,,0.984136044979095,0.0055647538974881,0.318697690963745,0.293040901422501,0.0710951760411263,2017
Cameroon,4.69500017166138,,0.946018218994141,0.132892116904259,0.430388748645782,0.236298456788063,0.0513066314160824,2017
Iran,4.69199991226196,,0.711551249027252,0.639333188533783,0.249322608113289,0.387242913246155,0.048761073499918,2017
Albania,4.64400005340576,,0.803685247898102,0.731159746646881,0.381498634815216,0.201312944293022,0.0398642159998417,2017
Bangladesh,4.60799980163574,,0.735131740570068,0.533241033554077,0.478356659412384,0.172255352139473,0.123717859387398,2017
Namibia,4.57399988174438,,1.0984708070755,0.33861181139946,0.520303547382355,0.0771337449550629,0.0931469723582268,2017
Kenya,4.55299997329712,,1.06795072555542,0.309988349676132,0.452763766050339,0.444860309362411,0.0646413192152977,2017
Mozambique,4.55000019073486,,0.870701014995575,0.106654435396194,0.480791091918945,0.322228103876114,0.179436385631561,2017
Myanmar,4.54500007629395,,1.12323594093323,0.397522568702698,0.514492034912109,0.838075160980225,0.188816204667091,2017
Senegal,4.53499984741211,,1.17969191074371,0.409362852573395,0.377922266721725,0.183468893170357,0.115460447967052,2017
Zambia,4.51399993896484,,1.00318729877472,0.257835894823074,0.461603492498398,0.249580144882202,0.0782135501503944,2017
Iraq,4.49700021743774,,0.978613197803497,0.501180469989777,0.288555532693863,0.19963726401329,0.107215754687786,2017
Gabon,4.46500015258789,,1.1556202173233,0.356578588485718,0.312328577041626,0.0437853783369064,0.0760467872023582,2017
Ethiopia,4.46000003814697,,0.86466920375824,0.353409707546234,0.408842742443085,0.312650740146637,0.165455713868141,2017
Sri Lanka,4.44000005722046,,1.25997638702393,0.625130832195282,0.561213254928589,0.490863561630249,0.0736539661884308,2017
Armenia,4.37599992752075,,1.00748372077942,0.637524425983429,0.198303267359734,0.0834880918264389,0.0266744215041399,2017
India,4.31500005722046,,0.754372596740723,0.455427616834641,0.469987004995346,0.231538489460945,0.0922268852591515,2017
Mauritania,4.29199981689453,,1.2720308303833,0.285349279642105,0.0960980430245399,0.201870024204254,0.136957004666328,2017
Congo Republic,4.29099988937378,,0.832044363021851,0.28995743393898,0.435025870800018,0.120852127671242,0.0796181336045265,2017
Georgia,4.28599977493286,,0.57061493396759,0.649546980857849,0.309410035610199,0.0540088154375553,0.251666635274887,2017
DR Congo,4.28000020980835,,1.22902345657349,0.191407024860382,0.235961347818375,0.246455833315849,0.0602413564920425,2017
Mali,4.19000005722046,,1.28147339820862,0.169365674257278,0.306613743305206,0.183354198932648,0.104970246553421,2017
Cote d'Ivoire,4.17999982833862,,0.904780030250549,0.0486421696841717,0.447706192731857,0.201237469911575,0.130061775445938,2017
Cambodia,4.16800022125244,,1.00623834133148,0.429783403873444,0.633375823497772,0.385922968387604,0.0681059509515762,2017
Sudan,4.13899993896484,,1.21400856971741,0.290920823812485,0.0149958552792668,0.182317450642586,0.089847519993782,2017
Ghana,4.11999988555908,,0.873664736747742,0.295637726783752,0.423026293516159,0.256923943758011,0.0253363698720932,2017
Ukraine,4.09600019454956,,1.39453756809235,0.575903952121735,0.122974775731564,0.270061463117599,0.0230294708162546,2017
Uganda,4.08099985122681,,1.12982773780823,0.217632606625557,0.443185955286026,0.325766056776047,0.057069718837738,2017
Burkina Faso,4.03200006484985,,1.04328000545502,0.215844258666039,0.324367851018906,0.250864684581757,0.120328105986118,2017
Niger,4.02799987792969,,0.993025004863739,0.26850500702858,0.36365869641304,0.228673845529556,0.138572946190834,2017
Malawi,3.97000002861023,,0.512568831443787,0.315089583396912,0.466914653778076,0.287170469760895,0.0727116540074348,2017
Chad,3.93600010871887,,0.953855872154236,0.0411347150802612,0.16234202682972,0.216113850474358,0.0535818822681904,2017
Zimbabwe,3.875,,1.08309590816498,0.196763753890991,0.336384207010269,0.189143493771553,0.0953753814101219,2017
Lesotho,3.80800008773804,,1.19009518623352,0.0,0.390661299228668,0.157497271895409,0.119094640016556,2017
Angola,3.79500007629395,,1.10441195964813,0.0498686656355858,0.0,0.097926490008831,0.0697203353047371,2017
Afghanistan,3.79399991035461,,0.581543326377869,0.180746778845787,0.106179520487785,0.311870932579041,0.0611578300595284,2017
Botswana,3.76600003242493,,1.22155499458313,0.341755509376526,0.505196332931519,0.0993484482169151,0.0985831990838051,2017
Benin,3.65700006484985,,0.435299843549728,0.209930211305618,0.425962775945663,0.207948461174965,0.0609290152788162,2017
Madagascar,3.64400005340576,,0.913020372390747,0.375223308801651,0.189196765422821,0.208732530474663,0.0672319754958153,2017
Haiti,3.6029999256134,,0.640449821949005,0.277321130037308,0.0303698573261499,0.489203780889511,0.0998721495270729,2017
Yemen,3.59299993515015,,0.93538224697113,0.310080915689468,0.249463722109795,0.104125209152699,0.0567674227058887,2017
South Sudan,3.59100008010864,,0.601323127746582,0.163486003875732,0.147062435746193,0.285670816898346,0.116793513298035,2017
Liberia,3.53299999237061,,0.872117936611176,0.229918196797371,0.332881182432175,0.26654988527298,0.0389482490718365,2017
Guinea,3.50699996948242,,0.791244685649872,0.194129139184952,0.348587512969971,0.264815092086792,0.110937617719173,2017
Togo,3.49499988555908,,0.431882530450821,0.247105568647385,0.38042613863945,0.196896150708199,0.0956650152802467,2017
Rwanda,3.47099995613098,,0.945707023143768,0.326424807310104,0.581843852996826,0.252756029367447,0.455220013856888,2017
Syria,3.46199989318848,,0.396102607250214,0.50053334236145,0.0815394446253777,0.493663728237152,0.151347130537033,2017
Tanzania,3.34899997711182,,1.04198980331421,0.364509284496307,0.390017777681351,0.354256361722946,0.0660351067781448,2017
Burundi,2.90499997138977,,0.629793584346771,0.151610791683197,0.0599007532000542,0.204435184597969,0.0841479450464249,2017
Central African Republic,2.69300007820129,,0.0,0.0187726859003305,0.270842045545578,0.280876487493515,0.0565650761127472,2017
Finland,7.632,1.305,1.592,0.874,0.681,0.202,0.393,2018
Norway,7.594,1.456,1.582,0.861,0.686,0.286,0.34,2018
Denmark,7.555,1.351,1.59,0.868,0.683,0.284,0.408,2018
Iceland,7.495,1.343,1.644,0.914,0.677,0.353,0.138,2018
Switzerland,7.487,1.42,1.549,0.927,0.66,0.256,0.357,2018
Netherlands,7.441,1.361,1.488,0.878,0.638,0.333,0.295,2018
Canada,7.328,1.33,1.532,0.896,0.653,0.321,0.291,2018
New Zealand,7.324,1.268,1.601,0.876,0.669,0.365,0.389,2018
Sweden,7.314,1.355,1.501,0.913,0.659,0.285,0.383,2018
Australia,7.272,1.34,1.573,0.91,0.647,0.361,0.302,2018
United Kingdom,7.19,1.244,1.433,0.888,0.464,0.262,0.082,2018
Austria,7.139,1.341,1.504,0.891,0.617,0.242,0.224,2018
Costa Rica,7.072,1.01,1.459,0.817,0.632,0.143,0.101,2018
Ireland,6.977,1.448,1.583,0.876,0.614,0.307,0.306,2018
Germany,6.965,1.34,1.474,0.861,0.586,0.273,0.28,2018
Belgium,6.927,1.324,1.483,0.894,0.583,0.188,0.24,2018
Luxembourg,6.91,1.576,1.52,0.896,0.632,0.196,0.321,2018
United States,6.886,1.398,1.471,0.819,0.547,0.291,0.133,2018
Israel,6.814,1.301,1.559,0.883,0.533,0.354,0.272,2018
United Arab Emirates,6.774,2.096,0.776,0.67,0.284,0.186,,2018
Czechia,6.711,1.233,1.489,0.854,0.543,0.064,0.034,2018
Malta,6.627,1.27,1.525,0.884,0.645,0.376,0.142,2018
France,6.489,1.293,1.466,0.908,0.52,0.098,0.176,2018
Mexico,6.488,1.038,1.252,0.761,0.479,0.069,0.095,2018
Chile,6.476,1.131,1.331,0.808,0.431,0.197,0.061,2018
Taiwan,6.441,1.365,1.436,0.857,0.418,0.151,0.078,2018
Panama,6.43,1.112,1.438,0.759,0.597,0.125,0.063,2018
Brazil,6.419,0.986,1.474,0.675,0.493,0.11,0.088,2018
Argentina,6.388,1.073,1.468,0.744,0.57,0.062,0.054,2018
Guatemala,6.382,0.781,1.268,0.608,0.604,0.179,0.071,2018
Uruguay,6.379,1.093,1.459,0.771,0.625,0.13,0.155,2018
Qatar,6.374,1.649,1.303,0.748,0.654,0.256,0.171,2018
Saudi Arabia,6.371,1.379,1.331,0.633,0.509,0.098,0.127,2018
Singapore,6.343,1.529,1.451,1.008,0.631,0.261,0.457,2018
Malaysia,6.322,1.161,1.258,0.669,0.356,0.311,0.059,2018
Spain,6.31,1.251,1.538,0.965,0.449,0.142,0.074,2018
Colombia,6.26,0.96,1.439,0.635,0.531,0.099,0.039,2018
Trinidad and Tobago,6.192,1.223,1.492,0.564,0.575,0.171,0.019,2018
Slovakia,6.173,1.21,1.537,0.776,0.354,0.118,0.014,2018
El Salvador,6.167,0.806,1.231,0.639,0.461,0.065,0.082,2018
Nicaragua,6.141,0.668,1.319,0.7,0.527,0.208,0.128,2018
Poland,6.123,1.176,1.448,0.781,0.546,0.108,0.064,2018
Bahrain,6.105,1.338,1.366,0.698,0.594,0.243,0.123,2018
Uzbekistan,6.096,0.719,1.584,0.605,0.724,0.328,0.259,2018
Kuwait,6.083,1.474,1.301,0.675,0.554,0.167,0.106,2018
Thailand,6.072,1.016,1.417,0.707,0.637,0.364,0.029,2018
Italy,6.0,1.264,1.501,0.946,0.281,0.137,0.028,2018
Ecuador,5.973,0.889,1.33,0.736,0.556,0.114,0.12,2018
Belize,5.956,0.807,1.101,0.474,0.593,0.183,0.089,2018
Lithuania,5.952,1.197,1.527,0.716,0.35,0.026,0.006,2018
Slovenia,5.948,1.219,1.506,0.856,0.633,0.16,0.051,2018
Romania,5.945,1.116,1.219,0.726,0.528,0.088,0.001,2018
Latvia,5.933,1.148,1.454,0.671,0.363,0.092,0.066,2018
Japan,5.915,1.294,1.462,0.988,0.553,0.079,0.15,2018
Mauritius,5.891,1.09,1.387,0.684,0.584,0.245,0.05,2018
Jamaica,5.89,0.819,1.493,0.693,0.575,0.096,0.031,2018
South Korea,5.875,1.266,1.204,0.955,0.244,0.175,0.051,2018
Cyprus,5.835,1.229,1.211,0.909,0.495,0.179,0.154,2018
Russia,5.81,1.151,1.479,0.599,0.399,0.065,0.025,2018
Kazakhstan,5.79,1.143,1.516,0.631,0.454,0.148,0.121,2018
Cyprus,5.762,1.229,1.191,0.909,0.423,0.202,0.035,2018
Bolivia,5.752,0.751,1.223,0.508,0.606,0.141,0.054,2018
Estonia,5.739,1.2,1.532,0.737,0.553,0.086,0.174,2018
Paraguay,5.681,0.835,1.522,0.615,0.541,0.162,0.074,2018
Peru,5.663,0.934,1.249,0.674,0.53,0.092,0.034,2018
Kosovo,5.662,0.855,1.23,0.578,0.448,0.274,0.023,2018
Moldova,5.64,0.657,1.301,0.62,0.232,0.171,0.0,2018
Turkmenistan,5.636,1.016,1.533,0.517,0.417,0.199,0.037,2018
Hungary,5.62,1.171,1.401,0.732,0.259,0.061,0.022,2018
Libya,5.566,0.985,1.35,0.553,0.496,0.116,0.148,2018
Philippines,5.524,0.775,1.312,0.513,0.643,0.12,0.105,2018
Honduras,5.504,0.62,1.205,0.622,0.459,0.197,0.074,2018
Belarus,5.483,1.039,1.498,0.7,0.307,0.101,0.154,2018
T端rkiye,5.483,1.148,1.38,0.686,0.324,0.106,0.109,2018
Pakistan,5.472,0.652,0.81,0.424,0.334,0.216,0.113,2018
Hong Kong,5.43,1.405,1.29,1.03,0.524,0.246,0.291,2018
Portugal,5.41,1.188,1.429,0.884,0.562,0.055,0.017,2018
Serbia,5.398,0.975,1.369,0.685,0.288,0.134,0.043,2018
Greece,5.358,1.154,1.202,0.879,0.131,0.0,0.044,2018
Lebanon,5.358,0.965,1.179,0.785,0.503,0.214,0.136,2018
Montenegro,5.347,1.017,1.279,0.729,0.259,0.111,0.081,2018
Croatia,5.321,1.115,1.161,0.737,0.38,0.12,0.039,2018
Dominican Republic,5.302,0.982,1.441,0.614,0.578,0.12,0.106,2018
Algeria,5.295,0.979,1.154,0.687,0.077,0.055,0.135,2018
Morocco,5.254,0.779,0.797,0.669,0.46,0.026,0.074,2018
China,5.246,0.989,1.142,0.799,0.597,0.029,0.103,2018
Azerbaijan,5.201,1.024,1.161,0.603,0.43,0.031,0.176,2018
Tajikistan,5.199,0.474,1.166,0.598,0.292,0.187,0.034,2018
North Macedonia,5.185,0.959,1.239,0.691,0.394,0.173,0.052,2018
Jordan,5.161,0.822,1.265,0.645,0.468,0.13,0.134,2018
Nigeria,5.155,0.689,1.172,0.048,0.462,0.201,0.032,2018
Kyrgyz Republic,5.131,0.53,1.416,0.594,0.54,0.281,0.035,2018
Bosnia and Herzegovina,5.129,0.915,1.078,0.758,0.28,0.216,0.0,2018
Mongolia,5.125,0.914,1.517,0.575,0.395,0.253,0.032,2018
Vietnam,5.103,0.715,1.365,0.702,0.618,0.177,0.079,2018
Indonesia,5.093,0.899,1.215,0.522,0.538,0.484,0.018,2018
Bhutan,5.082,0.796,1.335,0.527,0.541,0.364,0.171,2018
Somalia,4.982,0.0,0.712,0.115,0.674,0.238,0.282,2018
Cameroon,4.975,0.535,0.891,0.182,0.454,0.183,0.043,2018
Bulgaria,4.933,1.054,1.515,0.712,0.359,0.064,0.009,2018
Nepal,4.88,0.425,1.228,0.539,0.526,0.302,0.078,2018
Venezuela,4.806,0.996,1.469,0.657,0.133,0.056,0.052,2018
Gabon,4.758,1.036,1.164,0.404,0.356,0.032,0.052,2018
Palestine,4.743,0.642,1.217,0.602,0.266,0.086,0.076,2018
South Africa,4.724,0.94,1.41,0.33,0.516,0.103,0.056,2018
Iran,4.707,1.059,0.771,0.691,0.459,0.282,0.129,2018
Cote d'Ivoire,4.671,0.541,0.872,0.08,0.467,0.146,0.103,2018
Ghana,4.657,0.592,0.896,0.337,0.499,0.212,0.029,2018
Senegal,4.631,0.429,1.117,0.433,0.406,0.138,0.082,2018
Laos,4.623,0.72,1.034,0.441,0.626,0.23,0.174,2018
Tunisia,4.592,0.9,0.906,0.69,0.271,0.04,0.063,2018
Albania,4.586,0.916,0.817,0.79,0.419,0.149,0.032,2018
Sierra Leone,4.571,0.256,0.813,0.0,0.355,0.238,0.053,2018
Congo Republic,4.559,0.682,0.811,0.343,0.514,0.091,0.077,2018
Bangladesh,4.5,0.532,0.85,0.579,0.58,0.153,0.144,2018
Sri Lanka,4.471,0.918,1.314,0.672,0.585,0.307,0.05,2018
Iraq,4.456,1.01,0.971,0.536,0.304,0.148,0.095,2018
Mali,4.447,0.37,1.233,0.152,0.367,0.139,0.056,2018
Namibia,4.441,0.874,1.281,0.365,0.519,0.051,0.064,2018
Cambodia,4.433,0.549,1.088,0.457,0.696,0.256,0.065,2018
Burkina Faso,4.424,0.314,1.097,0.254,0.312,0.175,0.128,2018
Egypt,4.419,0.885,1.025,0.553,0.312,0.092,0.107,2018
Mozambique,4.417,0.198,0.902,0.173,0.531,0.206,0.158,2018
Kenya,4.41,0.493,1.048,0.454,0.504,0.352,0.055,2018
Zambia,4.377,0.562,1.047,0.295,0.503,0.221,0.082,2018
Mauritania,4.356,0.557,1.245,0.292,0.129,0.134,0.093,2018
Ethiopia,4.35,0.308,0.95,0.391,0.452,0.22,0.146,2018
Georgia,4.34,0.853,0.592,0.643,0.375,0.038,0.215,2018
Armenia,4.321,0.816,0.99,0.666,0.26,0.077,0.028,2018
Myanmar,4.308,0.682,1.174,0.429,0.58,0.598,0.178,2018
Chad,4.301,0.358,0.907,0.053,0.189,0.181,0.06,2018
DR Congo,4.245,0.069,1.136,0.204,0.312,0.197,0.052,2018
India,4.19,0.721,0.747,0.485,0.539,0.172,0.093,2018
Niger,4.166,0.131,0.867,0.221,0.39,0.175,0.099,2018
Uganda,4.161,0.322,1.09,0.237,0.45,0.259,0.061,2018
Benin,4.141,0.378,0.372,0.24,0.44,0.163,0.067,2018
Sudan,4.139,0.605,1.24,0.312,0.016,0.134,0.082,2018
Ukraine,4.103,0.793,1.413,0.609,0.163,0.187,0.011,2018
Togo,3.999,0.259,0.474,0.253,0.434,0.158,0.101,2018
Guinea,3.964,0.344,0.792,0.211,0.394,0.185,0.094,2018
Lesotho,3.808,0.472,1.215,0.079,0.423,0.116,0.112,2018
Angola,3.795,0.73,1.125,0.269,0.0,0.079,0.061,2018
Madagascar,3.774,0.262,0.908,0.402,0.221,0.155,0.049,2018
Zimbabwe,3.692,0.357,1.094,0.248,0.406,0.132,0.099,2018
Afghanistan,3.632,0.332,0.537,0.255,0.085,0.191,0.036,2018
Botswana,3.59,1.017,1.174,0.417,0.557,0.042,0.092,2018
Malawi,3.587,0.186,0.541,0.306,0.531,0.21,0.08,2018
Haiti,3.582,0.315,0.714,0.289,0.025,0.392,0.104,2018
Liberia,3.495,0.076,0.858,0.267,0.419,0.206,0.03,2018
Syria,3.462,0.689,0.382,0.539,0.088,0.376,0.144,2018
Rwanda,3.408,0.332,0.896,0.4,0.636,0.2,0.444,2018
Yemen,3.355,0.442,1.073,0.343,0.244,0.083,0.064,2018
Tanzania,3.303,0.455,0.991,0.381,0.481,0.27,0.097,2018
South Sudan,3.254,0.337,0.608,0.177,0.112,0.224,0.106,2018
Central African Republic,3.083,0.024,0.0,0.01,0.305,0.218,0.038,2018
Burundi,2.905,0.091,0.627,0.145,0.065,0.149,0.076,2018
Finland,7.769,1.34,1.587,0.986,0.596,0.153,0.393,2019
Denmark,7.6,1.383,1.573,0.996,0.592,0.252,0.41,2019
Norway,7.554,1.488,1.582,1.028,0.603,0.271,0.341,2019
Iceland,7.494,1.38,1.624,1.026,0.591,0.354,0.118,2019
Netherlands,7.488,1.396,1.522,0.999,0.557,0.322,0.298,2019
Switzerland,7.48,1.452,1.526,1.052,0.572,0.263,0.343,2019
Sweden,7.343,1.387,1.487,1.009,0.574,0.267,0.373,2019
New Zealand,7.307,1.303,1.557,1.026,0.585,0.33,0.38,2019
Canada,7.278,1.365,1.505,1.039,0.584,0.285,0.308,2019
Austria,7.246,1.376,1.475,1.016,0.532,0.244,0.226,2019
Australia,7.228,1.372,1.548,1.036,0.557,0.332,0.29,2019
Costa Rica,7.167,1.034,1.441,0.963,0.558,0.144,0.093,2019
Israel,7.139,1.276,1.455,1.029,0.371,0.261,0.082,2019
Luxembourg,7.09,1.609,1.479,1.012,0.526,0.194,0.316,2019
United Kingdom,7.054,1.333,1.538,0.996,0.45,0.348,0.278,2019
Ireland,7.021,1.499,1.553,0.999,0.516,0.298,0.31,2019
Germany,6.985,1.373,1.454,0.987,0.495,0.261,0.265,2019
Belgium,6.923,1.356,1.504,0.986,0.473,0.16,0.21,2019
United States,6.892,1.433,1.457,0.874,0.454,0.28,0.128,2019
Czechia,6.852,1.269,1.487,0.92,0.457,0.046,0.036,2019
United Arab Emirates,6.825,1.503,1.31,0.825,0.598,0.262,0.182,2019
Malta,6.726,1.3,1.52,0.999,0.564,0.375,0.151,2019
Mexico,6.595,1.07,1.323,0.861,0.433,0.074,0.073,2019
France,6.592,1.324,1.472,1.045,0.436,0.111,0.183,2019
Taiwan,6.446,1.368,1.43,0.914,0.351,0.242,0.097,2019
Chile,6.444,1.159,1.369,0.92,0.357,0.187,0.056,2019
Guatemala,6.436,0.8,1.269,0.746,0.535,0.175,0.078,2019
Saudi Arabia,6.375,1.403,1.357,0.795,0.439,0.08,0.132,2019
Qatar,6.374,1.684,1.313,0.871,0.555,0.22,0.167,2019
Spain,6.354,1.286,1.484,1.062,0.362,0.153,0.079,2019
Panama,6.321,1.149,1.442,0.91,0.516,0.109,0.054,2019
Brazil,6.3,1.004,1.439,0.802,0.39,0.099,0.086,2019
Uruguay,6.293,1.124,1.465,0.891,0.523,0.127,0.15,2019
Singapore,6.262,1.572,1.463,1.141,0.556,0.271,0.453,2019
El Salvador,6.253,0.794,1.242,0.789,0.43,0.093,0.074,2019
Italy,6.223,1.294,1.488,1.039,0.231,0.158,0.03,2019
Bahrain,6.199,1.362,1.368,0.871,0.536,0.255,0.11,2019
Slovakia,6.198,1.246,1.504,0.881,0.334,0.121,0.014,2019
Trinidad and Tobago,6.192,1.231,1.477,0.713,0.489,0.185,0.016,2019
Poland,6.182,1.206,1.438,0.884,0.483,0.117,0.05,2019
Uzbekistan,6.174,0.745,1.529,0.756,0.631,0.322,0.24,2019
Lithuania,6.149,1.238,1.515,0.818,0.291,0.043,0.042,2019
Colombia,6.125,0.985,1.41,0.841,0.47,0.099,0.034,2019
Slovenia,6.118,1.258,1.523,0.953,0.564,0.144,0.057,2019
Nicaragua,6.105,0.694,1.325,0.835,0.435,0.2,0.127,2019
Kosovo,6.1,0.882,1.232,0.758,0.489,0.262,0.006,2019
Argentina,6.086,1.092,1.432,0.881,0.471,0.066,0.05,2019
Romania,6.07,1.162,1.232,0.825,0.462,0.083,0.005,2019
Cyprus,6.046,1.263,1.223,1.042,0.406,0.19,0.041,2019
Ecuador,6.028,0.912,1.312,0.868,0.498,0.126,0.087,2019
Kuwait,6.021,1.5,1.319,0.808,0.493,0.142,0.097,2019
Thailand,6.008,1.05,1.409,0.828,0.557,0.359,0.028,2019
Latvia,5.94,1.187,1.465,0.812,0.264,0.075,0.064,2019
South Korea,5.895,1.301,1.219,1.036,0.159,0.175,0.056,2019
Estonia,5.893,1.237,1.528,0.874,0.495,0.103,0.161,2019
Jamaica,5.89,0.831,1.478,0.831,0.49,0.107,0.028,2019
Mauritius,5.888,1.12,1.402,0.798,0.498,0.215,0.06,2019
Japan,5.886,1.327,1.419,1.088,0.445,0.069,0.14,2019
Honduras,5.86,0.642,1.236,0.828,0.507,0.246,0.078,2019
Kazakhstan,5.809,1.173,1.508,0.729,0.41,0.146,0.096,2019
Bolivia,5.779,0.776,1.209,0.706,0.511,0.137,0.064,2019
Hungary,5.758,1.201,1.41,0.828,0.199,0.081,0.02,2019
Paraguay,5.743,0.855,1.475,0.777,0.514,0.184,0.08,2019
Cyprus,5.718,1.263,1.252,1.042,0.417,0.191,0.162,2019
Peru,5.697,0.96,1.274,0.854,0.455,0.083,0.027,2019
Portugal,5.693,1.221,1.431,0.999,0.508,0.047,0.025,2019
Pakistan,5.653,0.677,0.886,0.535,0.313,0.22,0.098,2019
Russia,5.648,1.183,1.452,0.726,0.334,0.082,0.031,2019
Philippines,5.631,0.807,1.293,0.657,0.558,0.117,0.107,2019
Serbia,5.603,1.004,1.383,0.854,0.282,0.137,0.039,2019
Moldova,5.529,0.685,1.328,0.739,0.245,0.181,0.0,2019
Libya,5.525,1.044,1.303,0.673,0.416,0.133,0.152,2019
Montenegro,5.523,1.051,1.361,0.871,0.197,0.142,0.08,2019
Tajikistan,5.467,0.493,1.098,0.718,0.389,0.23,0.144,2019
Croatia,5.432,1.155,1.266,0.914,0.296,0.119,0.022,2019
Hong Kong,5.43,1.438,1.277,1.122,0.44,0.258,0.287,2019
Dominican Republic,5.425,1.015,1.401,0.779,0.497,0.113,0.101,2019
Bosnia and Herzegovina,5.386,0.945,1.212,0.845,0.212,0.263,0.006,2019
T端rkiye,5.373,1.183,1.36,0.808,0.195,0.083,0.106,2019
Malaysia,5.339,1.221,1.171,0.828,0.508,0.26,0.024,2019
Belarus,5.323,1.067,1.465,0.789,0.235,0.094,0.142,2019
Greece,5.287,1.181,1.156,0.999,0.067,0.0,0.034,2019
Mongolia,5.285,0.948,1.531,0.667,0.317,0.235,0.038,2019
North Macedonia,5.274,0.983,1.294,0.838,0.345,0.185,0.034,2019
Nigeria,5.265,0.696,1.111,0.245,0.426,0.215,0.041,2019
Kyrgyz Republic,5.261,0.551,1.438,0.723,0.508,0.3,0.023,2019
Turkmenistan,5.247,1.052,1.538,0.657,0.394,0.244,0.028,2019
Algeria,5.211,1.002,1.16,0.785,0.086,0.073,0.114,2019
Morocco,5.208,0.801,0.782,0.782,0.418,0.036,0.076,2019
Azerbaijan,5.208,1.043,1.147,0.769,0.351,0.035,0.182,2019
Lebanon,5.197,0.987,1.224,0.815,0.216,0.166,0.027,2019
Indonesia,5.192,0.931,1.203,0.66,0.491,0.498,0.028,2019
China,5.191,1.029,1.125,0.893,0.521,0.058,0.1,2019
Vietnam,5.175,0.741,1.346,0.851,0.543,0.147,0.073,2019
Bhutan,5.082,0.813,1.321,0.604,0.457,0.37,0.167,2019
Cameroon,5.044,0.549,0.91,0.331,0.381,0.187,0.037,2019
Bulgaria,5.011,1.092,1.513,0.815,0.311,0.081,0.004,2019
Ghana,4.996,0.611,0.868,0.486,0.381,0.245,0.04,2019
Cote d'Ivoire,4.944,0.569,0.808,0.232,0.352,0.154,0.09,2019
Nepal,4.913,0.446,1.226,0.677,0.439,0.285,0.089,2019
Jordan,4.906,0.837,1.225,0.815,0.383,0.11,0.13,2019
Benin,4.883,0.393,0.437,0.397,0.349,0.175,0.082,2019
Congo Republic,4.812,0.673,0.799,0.508,0.372,0.105,0.093,2019
Gabon,4.799,1.057,1.183,0.571,0.295,0.043,0.055,2019
Laos,4.796,0.764,1.03,0.551,0.547,0.266,0.164,2019
South Africa,4.722,0.96,1.351,0.469,0.389,0.13,0.055,2019
Albania,4.719,0.947,0.848,0.874,0.383,0.178,0.027,2019
Venezuela,4.707,0.96,1.427,0.805,0.154,0.064,0.047,2019
Cambodia,4.7,0.574,1.122,0.637,0.609,0.232,0.062,2019
Palestine,4.696,0.657,1.247,0.672,0.225,0.103,0.066,2019
Senegal,4.681,0.45,1.134,0.571,0.292,0.153,0.072,2019
Somalia,4.668,0.0,0.698,0.268,0.559,0.243,0.27,2019
Namibia,4.639,0.879,1.313,0.477,0.401,0.07,0.056,2019
Niger,4.628,0.138,0.774,0.366,0.318,0.188,0.102,2019
Burkina Faso,4.587,0.331,1.056,0.38,0.255,0.177,0.113,2019
Armenia,4.559,0.85,1.055,0.815,0.283,0.095,0.064,2019
Iran,4.548,1.1,0.842,0.785,0.305,0.27,0.125,2019
Guinea,4.534,0.38,0.829,0.375,0.332,0.207,0.086,2019
Georgia,4.519,0.886,0.666,0.752,0.346,0.043,0.164,2019
Gambia,4.516,0.308,0.939,0.428,0.382,0.269,0.167,2019
Kenya,4.509,0.512,0.983,0.581,0.431,0.372,0.053,2019
Mauritania,4.49,0.57,1.167,0.489,0.066,0.106,0.088,2019
Mozambique,4.466,0.204,0.986,0.39,0.494,0.197,0.138,2019
Tunisia,4.461,0.921,1.0,0.815,0.167,0.059,0.055,2019
Bangladesh,4.456,0.562,0.928,0.723,0.527,0.166,0.143,2019
Iraq,4.437,1.043,0.98,0.574,0.241,0.148,0.089,2019
DR Congo,4.418,0.094,1.125,0.357,0.269,0.212,0.053,2019
Mali,4.39,0.385,1.105,0.308,0.327,0.153,0.052,2019
Sierra Leone,4.374,0.268,0.841,0.242,0.309,0.252,0.045,2019
Sri Lanka,4.366,0.949,1.265,0.831,0.47,0.244,0.047,2019
Myanmar,4.36,0.71,1.181,0.555,0.525,0.566,0.172,2019
Chad,4.35,0.35,0.766,0.192,0.174,0.198,0.078,2019
Ukraine,4.332,0.82,1.39,0.739,0.178,0.187,0.01,2019
Ethiopia,4.286,0.336,1.033,0.532,0.344,0.209,0.1,2019
Eswatini,4.212,0.811,1.149,0.0,0.313,0.074,0.135,2019
Uganda,4.189,0.332,1.069,0.443,0.356,0.252,0.06,2019
Egypt,4.166,0.913,1.039,0.644,0.241,0.076,0.067,2019
Zambia,4.107,0.578,1.058,0.426,0.431,0.247,0.087,2019
Togo,4.085,0.275,0.572,0.41,0.293,0.177,0.085,2019
India,4.015,0.755,0.765,0.588,0.498,0.2,0.085,2019
Liberia,3.975,0.073,0.922,0.443,0.37,0.233,0.033,2019
Comoros,3.973,0.274,0.757,0.505,0.142,0.275,0.078,2019
Madagascar,3.933,0.274,0.916,0.555,0.148,0.169,0.041,2019
Lesotho,3.802,0.489,1.169,0.168,0.359,0.107,0.093,2019
Burundi,3.775,0.046,0.447,0.38,0.22,0.176,0.18,2019
Zimbabwe,3.663,0.366,1.114,0.433,0.361,0.151,0.089,2019
Haiti,3.597,0.323,0.688,0.449,0.026,0.419,0.11,2019
Botswana,3.488,1.041,1.145,0.538,0.455,0.025,0.1,2019
Syria,3.462,0.619,0.378,0.44,0.013,0.331,0.141,2019
Malawi,3.41,0.191,0.56,0.495,0.443,0.218,0.089,2019
Yemen,3.38,0.287,1.163,0.463,0.143,0.108,0.077,2019
Rwanda,3.334,0.359,0.711,0.614,0.555,0.217,0.411,2019
Tanzania,3.231,0.476,0.885,0.499,0.417,0.276,0.147,2019
Afghanistan,3.203,0.35,0.517,0.361,0.0,0.158,0.025,2019
Central African Republic,3.083,0.026,0.0,0.105,0.225,0.235,0.035,2019
South Sudan,2.853,0.306,0.575,0.295,0.01,0.202,0.091,2019
Finland,7.808700085,10.63926697,0.954329729,71.9008255,0.949172199,-0.059482019,0.195444584,2020
Denmark,7.645599842,10.77400112,0.955990791,72.40250397,0.951444268,0.066201776,0.168489456,2020
Switzerland,7.559899807,10.97993279,0.942846596,74.10244751,0.921336651,0.105911039,0.303728431,2020
Iceland,7.504499912,10.77255917,0.974669576,73.0,0.948891878,0.246944219,0.711709738,2020
Norway,7.487999916,11.08780384,0.952486575,73.20078278,0.955750287,0.13453263,0.263218194,2020
Netherlands,7.448900223,10.81271172,0.93913883,72.30091858,0.908547819,0.20761244,0.364717126,2020
Sweden,7.353499889,10.75879383,0.926311195,72.60076904,0.939144194,0.111614622,0.250880182,2020
New Zealand,7.299600124,10.50094318,0.949118972,73.20262909,0.936217487,0.191598073,0.22113885,2020
Austria,7.294199944,10.7428236,0.928045869,73.00250244,0.899989486,0.085429221,0.499954879,2020
Luxembourg,7.237500191,11.45068073,0.906912208,72.59999847,0.90563643,-0.004620588,0.367084295,2020
Canada,7.23210001,10.69236851,0.927176654,73.60160065,0.933913231,0.124770768,0.390843362,2020
Australia,7.222799778,10.72059631,0.944854617,73.60453796,0.915431738,0.19046016,0.41516912,2020
United Kingdom,7.164500237,10.60013485,0.93668282,72.30160522,0.834743679,0.263732493,0.435915917,2020
Israel,7.128600121,10.41752529,0.913571239,73.20025635,0.747580588,0.10259372,0.78085506,2020
Costa Rica,7.121399879,9.658156395,0.901545942,71.29985046,0.934738934,-0.10242971,0.786332428,2020
Ireland,7.093699932,11.16097832,0.942081571,72.30078888,0.886982977,0.145784974,0.357184172,2020
Germany,7.075799942,10.7328186,0.898874462,72.20201874,0.867371082,0.080179386,0.456422031,2020
United States,6.939599991,10.92576885,0.914219022,68.29949951,0.842619538,0.149891734,0.699715316,2020
Czechia,6.910900116,10.40416336,0.914430678,70.04793549,0.818537354,-0.230861515,0.85844624,2020
Belgium,6.863500118,10.6736393,0.911632538,72.00164795,0.813582063,-0.078691199,0.612297952,2020
United Arab Emirates,6.790800095,11.1099987,0.849181116,67.08278656,0.941345513,0.123450845,0.594502211,2020
Malta,6.772799969,10.53383827,0.93037951,72.19999695,0.924911439,0.214965805,0.658547282,2020
France,6.663799763,10.58422279,0.937103748,73.80193329,0.825467646,-0.130641967,0.583521128,2020
Mexico,6.465000153,9.797797203,0.838665426,68.29902649,0.858709276,-0.175266623,0.806821585,2020
Taiwan,6.45539999,10.77568531,0.894309103,69.59999847,0.77153033,-0.073198698,0.73188293,2020
Uruguay,6.440100193,9.948192596,0.92281127,69.00254822,0.892395437,-0.101103112,0.635994136,2020
Saudi Arabia,6.406499863,10.79781246,0.874067068,66.30514526,0.854191244,-0.168695062,0.682619512,2020
Spain,6.400899887,10.46292686,0.921125412,74.40270996,0.751989543,-0.050961714,0.765859902,2020
Guatemala,6.398900032,8.924805641,0.816621482,64.8089447,0.908147573,-0.042938665,0.783237457,2020
Italy,6.38740015,10.48183632,0.889878571,73.60168457,0.66465199,-0.043460999,0.873404682,2020
Singapore,6.377099991,11.39552116,0.910268962,76.80458069,0.926645339,0.029879224,0.109784193,2020
Brazil,6.375599861,9.56643486,0.896723807,66.48016357,0.799804807,-0.101812392,0.770601273,2020
Slovenia,6.363399982,10.39232254,0.939575672,71.1029892,0.936142623,-0.080603383,0.817071021,2020
El Salvador,6.34829998,8.909075737,0.806092262,66.10826111,0.833805263,-0.121072978,0.754319906,2020
Kosovo,6.325200081,9.204429626,0.820726514,63.88555527,0.861535907,0.190933764,0.922328293,2020
Panama,6.304800034,10.03423405,0.902094483,69.60301208,0.880366504,-0.153927714,0.851588905,2020
Slovakia,6.280600071,10.34774971,0.922493756,68.90634155,0.749952674,-0.124409303,0.918096125,2020
Uzbekistan,6.257599831,8.740371704,0.926595807,65.10757446,0.974998116,0.248427153,0.501497388,2020
Chile,6.228499889,10.0320549,0.879713595,69.90061951,0.744896293,-0.065668367,0.838239431,2020
Bahrain,6.227300167,10.67638016,0.876342118,68.5,0.905855775,0.13372919,0.7393471,2020
Lithuania,6.215499878,10.34362602,0.926107109,67.29407501,0.747381449,-0.219725296,0.809583843,2020
Trinidad and Tobago,6.191899776,10.26000214,0.91529417,63.5,0.857907116,0.000526841,0.912230611,2020
Poland,6.186299801,10.26512432,0.874257445,69.31113434,0.862055779,-0.205084071,0.686927021,2020
Colombia,6.163400173,9.500369072,0.884440243,67.69958496,0.836179912,-0.161235645,0.86457181,2020
Cyprus,6.15899992,10.40570259,0.805996239,73.70222473,0.779858291,0.043731496,0.856271744,2020
Nicaragua,6.13710022,8.493160248,0.857497036,67.50717926,0.863902867,0.020959141,0.665950119,2020
Romania,6.123700142,10.107584,0.825161517,67.20723724,0.842823207,-0.19781521,0.934300244,2020
Kuwait,6.102099895,11.08982468,0.846475244,66.76764679,0.872366488,-0.100184701,0.760849059,2020
Mauritius,6.101299763,9.956786156,0.910357833,66.40434265,0.889534533,-0.018318573,0.805343091,2020
Kazakhstan,6.057899952,10.11465836,0.934744895,64.60996246,0.811601937,-0.068488635,0.764490843,2020
Estonia,6.021800041,10.34001732,0.934729993,68.60495758,0.87770915,-0.111697771,0.623073816,2020
Philippines,6.006000042,8.993545532,0.846730053,61.92676163,0.915463448,-0.105463006,0.733634114,2020
Hungary,6.000400066,10.24924374,0.921934128,67.60997009,0.718964577,-0.194323018,0.892916501,2020
Thailand,5.998799801,9.741791725,0.889973223,67.25059509,0.905063033,0.268685192,0.886272311,2020
Argentina,5.974699974,9.810955048,0.900567949,68.80380249,0.831132412,-0.194913864,0.842009842,2020
Honduras,5.953199863,8.424534798,0.821870148,67.19876862,0.870603263,0.086969115,0.801131904,2020
Latvia,5.949999809,10.17531967,0.918288589,66.8074646,0.671237648,-0.186888844,0.795580089,2020
Ecuador,5.925199986,9.246058464,0.836418986,68.50003815,0.859828949,-0.127014965,0.801215112,2020
Portugal,5.910900116,10.26374245,0.886590719,72.40202332,0.888747811,-0.220714301,0.892629504,2020
Jamaica,5.889800072,9.006250381,0.915701866,67.09999847,0.858068526,-0.125106767,0.888890028,2020
South Korea,5.872399807,10.51056671,0.799387157,73.6027298,0.612965107,-0.043404032,0.789067447,2020
Japan,5.870800018,10.57968903,0.883545935,75.00096893,0.809961379,-0.246910349,0.654558063,2020
Peru,5.796800137,9.456313133,0.831075251,68.10023499,0.824766099,-0.16238822,0.893714964,2020
Serbia,5.77820015,9.680980682,0.881475747,68.21020508,0.726495862,-0.073676221,0.843509018,2020
Bolivia,5.747499943,8.851115227,0.803108692,63.6004715,0.875873327,-0.09168113,0.822606206,2020
Pakistan,5.69329977,8.482727051,0.689062297,58.25313568,0.734833717,0.04489987,0.745705426,2020
Paraguay,5.692100048,9.389982224,0.898727894,65.63993835,0.885923445,0.007997713,0.834788501,2020
Dominican Republic,5.689199924,9.664880753,0.882085383,65.80748749,0.866202772,-0.131263286,0.755999923,2020
Bosnia and Herzegovina,5.674099922,9.455817223,0.829204142,67.80813599,0.651352704,0.098274559,0.933769107,2020
Moldova,5.607500076,8.776714325,0.843313575,65.01301575,0.721609175,-0.037741039,0.913314283,2020
Tajikistan,5.555699825,8.024810791,0.835297108,64.10459137,0.831383407,-0.025088511,0.592076063,2020
Montenegro,5.54610014,9.751860619,0.855314612,68.50534821,0.649565637,-0.075600356,0.783121586,2020
Russia,5.546000004,10.12887192,0.903150737,64.10045624,0.729892612,-0.151153743,0.864802599,2020
Kyrgyz Republic,5.541500092,8.148405075,0.887228489,64.10601044,0.909374893,0.154772058,0.888396084,2020
Belarus,5.539899826,9.779945374,0.90674746,66.10433197,0.639163077,-0.164926544,0.63571167,2020
Cyprus,5.53550005,10.40570259,0.820356607,73.70222473,0.79529351,0.000227159,0.62611568,2020
Greece,5.514999866,10.13232613,0.814380348,72.40525818,0.541345119,-0.300907373,0.859931409,2020
Hong Kong,5.510399818,10.9346714,0.845969081,76.77170563,0.779833794,0.134979904,0.420607209,2020
Croatia,5.504700184,10.07087517,0.874623716,70.21490479,0.714838803,-0.128538325,0.916495264,2020
Libya,5.488800049,9.789815903,0.825942934,62.29999924,0.773157001,-0.085054487,0.668779135,2020
Mongolia,5.456200123,9.412186623,0.937142491,62.30448532,0.693351328,0.098093867,0.863511205,2020
Malaysia,5.384300232,10.26251888,0.816509426,67.10215759,0.894626856,0.114726797,0.839302301,2020
Vietnam,5.353499889,8.809545517,0.849987149,67.9527359,0.939592957,-0.094533332,0.79642123,2020
Indonesia,5.285600185,9.36975193,0.808379889,62.15584946,0.870614409,0.519586504,0.876296401,2020
Cote d'Ivoire,5.233300209,8.225561142,0.658048689,49.50377274,0.727909327,-0.043991156,0.790771961,2020
Benin,5.21600008,7.674319744,0.468671143,54.31246567,0.735182583,-0.003537213,0.740532577,2020
Maldives,5.197599888,9.518632889,0.91316092,70.59999847,0.853962779,0.038085498,0.824211061,2020
Congo Republic,5.194399834,8.536987305,0.640228093,57.92448044,0.719058514,-0.123674095,0.751779079,2020
Azerbaijan,5.164800167,9.687726974,0.819308281,65.50839996,0.786824107,-0.240255281,0.55253756,2020
North Macedonia,5.159800053,9.510591507,0.820392311,67.50442505,0.738840938,-0.019877451,0.897490501,2020
Ghana,5.147999763,8.350645065,0.728601098,57.20398712,0.794796526,0.094170853,0.847964764,2020
Nepal,5.137199879,7.925357342,0.785512447,63.77917862,0.797565043,0.154168829,0.738099158,2020
T端rkiye,5.131800175,10.12941933,0.826313555,66.90281677,0.608830452,-0.171046436,0.748197377,2020
China,5.123899937,9.688568115,0.798760593,69.2891922,0.898517907,-0.18142575,0.7539711,2020
Turkmenistan,5.119100094,9.74803257,0.958966196,62.21170807,0.826457024,0.187671542,0.883691847,2020
Bulgaria,5.101500034,9.869318962,0.937840343,66.80397797,0.745178163,-0.143908441,0.935585141,2020
Morocco,5.094799995,8.940313339,0.592628479,65.89624023,0.772072434,-0.240377247,0.815724611,2020
Cameroon,5.084899902,8.118647575,0.700386405,52.7049408,0.763051808,-0.00149645,0.851336598,2020
Venezuela,5.053199768,8.977793694,0.890408158,66.50534058,0.62327832,-0.169090509,0.837038398,2020
Algeria,5.005099773,9.537964821,0.803385139,65.90517426,0.466610909,-0.121105164,0.735485137,2020
Senegal,4.980800152,8.118982315,0.723616004,59.59915161,0.690596163,-0.052335154,0.808785141,2020
Guinea,4.949299812,7.750990391,0.637573481,54.46780014,0.706846774,0.076328471,0.761794448,2020
Niger,4.909599781,6.842166901,0.617435038,53.50009537,0.759772122,0.013860817,0.722530186,2020
Laos,4.888599873,8.79858017,0.737502217,58.70992279,0.907213569,0.11137148,0.634679317,2020
Albania,4.882699966,9.417930603,0.671070457,68.70813751,0.781994224,-0.042309489,0.896303713,2020
Cambodia,4.848400116,8.249890327,0.773080647,61.52996826,0.959704638,0.051911179,0.822769046,2020
Bangladesh,4.832799911,8.287063599,0.687292993,64.50306702,0.90062499,-0.033664726,0.661843538,2020
Gabon,4.829299927,9.680537224,0.787886858,59.71533966,0.704829216,-0.222261623,0.849150956,2020
South Africa,4.814099789,9.403370857,0.852532268,56.50601196,0.759330094,-0.109777324,0.843423843,2020
Iraq,4.784800053,9.661095619,0.747694969,59.90354919,0.633182645,-0.06956476,0.82226181,2020
Lebanon,4.771500111,9.3617239,0.824338138,67.10658264,0.551357508,-0.06121527,0.90225625,2020
Burkina Faso,4.768700123,7.46854496,0.712943614,53.88945389,0.665563583,-0.019080516,0.739795029,2020
Gambia,4.750599861,7.321814537,0.6931687,55.0120163,0.733163178,0.343198717,0.690717816,2020
Mali,4.729300022,7.629852295,0.731468976,51.72698212,0.71156615,-0.044366926,0.839328408,2020
Nigeria,4.724100113,8.57662487,0.73721689,49.86190796,0.759578407,0.033745807,0.861874342,2020
Armenia,4.676799774,9.100476265,0.757479429,66.75065613,0.712017834,-0.13877961,0.773544788,2020
Georgia,4.672599792,9.226100922,0.629033029,64.49520874,0.801641524,-0.22892037,0.665944695,2020
Iran,4.672399998,9.813719749,0.694689691,66.00614929,0.647873282,0.117891103,0.714635968,2020
Jordan,4.633399963,9.025999069,0.80216372,66.79975128,0.75104779,-0.162565202,0.700344324,2020
Mozambique,4.623600006,7.069345951,0.723874032,54.20582199,0.864451885,0.032375868,0.683019102,2020
Kenya,4.583000183,8.02977562,0.702652037,60.09693146,0.829747558,0.294681519,0.831499159,2020
Namibia,4.571100235,9.203141212,0.846880972,56.50148773,0.767520964,-0.18530646,0.851449788,2020
Ukraine,4.56069994,9.010690689,0.878879368,64.60678101,0.663081884,-0.030933706,0.920636714,2020
Liberia,4.557899952,7.054380417,0.70928055,56.09631348,0.735268712,0.04227322,0.856375933,2020
Palestine,4.552800179,8.389223099,0.825295925,62.25,0.645791829,-0.162079096,0.824199975,2020
Uganda,4.43200016,7.500389576,0.764994621,55.70820236,0.731713951,0.099487431,0.836737812,2020
Chad,4.422699928,7.467963696,0.632388055,48.22053909,0.587305248,0.017834719,0.802760839,2020
Tunisia,4.392199993,9.314972878,0.688718557,66.89785767,0.593361557,-0.216413811,0.867590249,2020
Mauritania,4.374599934,8.233919144,0.790819228,57.01017761,0.551522553,-0.106008142,0.746223509,2020
Sri Lanka,4.327000141,9.389969826,0.825374067,67.20006561,0.837633669,0.081129618,0.859001756,2020
DR Congo,4.31099987,6.694256306,0.672159016,52.90000153,0.700793564,0.083637655,0.809403598,2020
Eswatini,4.308100224,9.16267395,0.770290196,51.18823624,0.646822274,-0.19920142,0.708263338,2020
Myanmar,4.308000088,8.680481911,0.78440702,58.96171188,0.895075202,0.560663998,0.645124316,2020
Comoros,4.288599968,7.833630085,0.625662446,57.34901047,0.547612607,0.090008408,0.780622602,2020
Togo,4.187200069,7.357711315,0.551312625,54.71989822,0.649828613,0.002667875,0.757733464,2020
Ethiopia,4.186200142,7.509385586,0.743307352,58.63959122,0.740795195,0.043377332,0.753690004,2020
Madagascar,4.165599823,7.281685829,0.668195903,59.10542679,0.557574093,-0.011823639,0.817485631,2020
Egypt,4.151400089,9.316541672,0.735447824,61.78015137,0.708354175,-0.196878314,0.787726879,2020
Sierra Leone,3.926399946,7.26880312,0.636142015,50.86514282,0.715315044,0.088660747,0.861330688,2020
Burundi,3.775300026,6.492642403,0.490325719,53.40000153,0.626350224,-0.017551597,0.606934547,2020
Zambia,3.759399891,8.224720001,0.698824465,55.29937744,0.806500256,0.078037128,0.801289678,2020
Haiti,3.720799923,7.411329269,0.593247831,55.59862518,0.537825167,0.40053457,0.684767246,2020
Lesotho,3.652800083,7.960488319,0.780495703,48.00362396,0.738125861,-0.145732045,0.857392073,2020
India,3.573299885,8.849823952,0.592200935,60.21518707,0.881444871,0.057551607,0.772042692,2020
Malawi,3.538000107,7.062226295,0.544007301,57.59288788,0.803223193,0.021433279,0.731700778,2020
Yemen,3.527400017,7.759682655,0.817980587,56.72728348,0.599920273,-0.157735437,0.800287724,2020
Botswana,3.478899956,9.711203575,0.779121757,58.92445374,0.821328104,-0.250394493,0.777930915,2020
Tanzania,3.476200104,7.967665195,0.688933194,57.49607468,0.82153976,0.109668687,0.619799435,2020
Central African Republic,3.475899935,6.625160217,0.319459856,45.20000076,0.640880644,0.082410358,0.891806662,2020
Rwanda,3.312299967,7.600104332,0.54083544,61.09884644,0.900589406,0.055483952,0.183541179,2020
Zimbabwe,3.299200058,7.865711689,0.763092756,55.61725998,0.711457908,-0.072063953,0.81023699,2020
South Sudan,2.816600084,7.425359726,0.553707123,51.0,0.451313615,0.016518548,0.763417304,2020
Afghanistan,2.566900015,7.462860584,0.470366955,52.59000015,0.396573007,-0.0964294,0.933686554,2020
Finland,7.842,10.775,0.954,72.0,0.949,-0.098,0.186,2021
Denmark,7.62,10.933,0.954,72.7,0.946,0.03,0.179,2021
Switzerland,7.571,11.117,0.942,74.4,0.919,0.025,0.292,2021
Iceland,7.554,10.878,0.983,73.0,0.955,0.16,0.673,2021
Netherlands,7.464,10.932,0.942,72.4,0.913,0.175,0.338,2021
Norway,7.392,11.053,0.954,73.3,0.96,0.093,0.27,2021
Sweden,7.363,10.867,0.934,72.7,0.945,0.086,0.237,2021
Luxembourg,7.324,11.647,0.908,72.6,0.907,-0.034,0.386,2021
New Zealand,7.277,10.643,0.948,73.4,0.929,0.134,0.242,2021
Austria,7.268,10.906,0.934,73.3,0.908,0.042,0.481,2021
Australia,7.183,10.796,0.94,73.9,0.914,0.159,0.442,2021
Israel,7.157,10.575,0.939,73.503,0.8,0.031,0.753,2021
Germany,7.155,10.873,0.903,72.5,0.875,0.011,0.46,2021
Canada,7.103,10.776,0.926,73.8,0.915,0.089,0.415,2021
Ireland,7.085,11.342,0.947,72.4,0.879,0.077,0.363,2021
Costa Rica,7.069,9.88,0.891,71.4,0.934,-0.126,0.809,2021
United Kingdom,7.064,10.707,0.934,72.5,0.859,0.233,0.459,2021
Czechia,6.965,10.556,0.947,70.807,0.858,-0.208,0.868,2021
United States,6.951,11.023,0.92,68.2,0.837,0.098,0.698,2021
Belgium,6.834,10.823,0.906,72.199,0.783,-0.153,0.646,2021
France,6.69,10.704,0.942,74.0,0.822,-0.147,0.571,2021
Bahrain,6.647,10.669,0.862,69.495,0.925,0.089,0.722,2021
Malta,6.602,10.674,0.931,72.2,0.927,0.133,0.653,2021
Taiwan,6.584,10.871,0.898,69.6,0.784,-0.07,0.721,2021
United Arab Emirates,6.561,11.085,0.844,67.333,0.932,0.074,0.589,2021
Saudi Arabia,6.494,10.743,0.891,66.603,0.877,-0.149,0.684,2021
Spain,6.491,10.571,0.932,74.7,0.761,-0.081,0.745,2021
Italy,6.483,10.623,0.88,73.8,0.693,-0.084,0.866,2021
Slovenia,6.461,10.529,0.948,71.4,0.949,-0.101,0.806,2021
Guatemala,6.435,9.053,0.813,64.958,0.906,-0.038,0.775,2021
Uruguay,6.431,9.966,0.925,69.1,0.896,-0.092,0.59,2021
Singapore,6.377,11.488,0.915,76.953,0.927,-0.018,0.082,2021
Kosovo,6.372,9.318,0.821,63.813,0.869,0.257,0.917,2021
Slovakia,6.331,10.369,0.936,69.201,0.766,-0.124,0.911,2021
Brazil,6.33,9.577,0.882,66.601,0.804,-0.071,0.756,2021
Mexico,6.317,9.859,0.831,68.597,0.862,-0.147,0.799,2021
Jamaica,6.309,9.186,0.877,67.5,0.89,-0.137,0.884,2021
Lithuania,6.255,10.499,0.935,67.906,0.773,-0.203,0.826,2021
Cyprus,6.223,10.576,0.802,73.898,0.763,-0.015,0.844,2021
Estonia,6.189,10.481,0.941,68.8,0.909,-0.106,0.527,2021
Panama,6.18,10.35,0.896,69.652,0.872,-0.166,0.856,2021
Uzbekistan,6.179,8.836,0.918,65.255,0.97,0.311,0.515,2021
Chile,6.172,10.071,0.882,70.0,0.742,-0.044,0.83,2021
Poland,6.166,10.382,0.898,69.702,0.841,-0.165,0.735,2021
Kazakhstan,6.152,10.155,0.952,65.2,0.853,-0.069,0.733,2021
Romania,6.14,10.284,0.832,67.355,0.845,-0.219,0.938,2021
Kuwait,6.106,10.817,0.843,66.9,0.867,-0.104,0.736,2021
Serbia,6.078,9.787,0.873,68.6,0.778,0.002,0.835,2021
El Salvador,6.061,9.054,0.762,66.402,0.888,-0.11,0.688,2021
Mauritius,6.049,10.008,0.905,66.701,0.867,-0.054,0.789,2021
Latvia,6.032,10.315,0.927,67.1,0.715,-0.162,0.8,2021
Colombia,6.012,9.557,0.847,68.001,0.837,-0.135,0.841,2021
Hungary,5.992,10.358,0.943,68.0,0.755,-0.186,0.876,2021
Thailand,5.985,9.805,0.888,67.401,0.884,0.287,0.895,2021
Nicaragua,5.972,8.62,0.864,67.657,0.836,0.02,0.664,2021
Japan,5.94,10.611,0.884,75.1,0.796,-0.258,0.638,2021
Argentina,5.929,9.962,0.898,69.0,0.828,-0.182,0.834,2021
Portugal,5.929,10.421,0.879,72.6,0.892,-0.244,0.887,2021
Honduras,5.919,8.648,0.812,67.3,0.857,0.081,0.809,2021
Croatia,5.882,10.217,0.924,70.799,0.754,-0.118,0.939,2021
Philippines,5.88,9.076,0.83,62.0,0.917,-0.097,0.742,2021
South Korea,5.845,10.651,0.799,73.9,0.672,-0.083,0.727,2021
Peru,5.84,9.458,0.832,68.25,0.822,-0.154,0.891,2021
Bosnia and Herzegovina,5.813,9.59,0.87,68.098,0.706,0.113,0.931,2021
Moldova,5.766,9.454,0.857,65.699,0.822,-0.079,0.918,2021
Ecuador,5.764,9.313,0.821,68.8,0.842,-0.124,0.843,2021
Kyrgyz Republic,5.744,8.538,0.893,64.401,0.935,0.119,0.908,2021
Greece,5.723,10.279,0.823,72.6,0.582,-0.288,0.823,2021
Bolivia,5.716,9.046,0.81,63.901,0.875,-0.077,0.839,2021
Mongolia,5.677,9.4,0.935,62.5,0.708,0.116,0.856,2021
Paraguay,5.653,9.448,0.893,65.9,0.876,0.028,0.882,2021
Montenegro,5.581,9.94,0.858,68.699,0.708,-0.034,0.812,2021
Dominican Republic,5.545,9.802,0.853,66.102,0.86,-0.133,0.714,2021
Cyprus,5.536,10.576,0.82,73.898,0.795,0.012,0.626,2021
Belarus,5.534,9.853,0.91,66.253,0.65,-0.18,0.627,2021
Russia,5.477,10.189,0.903,64.703,0.718,-0.111,0.845,2021
Hong Kong,5.477,11.0,0.836,76.82,0.717,0.067,0.403,2021
Tajikistan,5.466,8.091,0.86,64.281,0.832,-0.056,0.553,2021
Vietnam,5.411,8.973,0.85,68.034,0.94,-0.098,0.796,2021
Libya,5.41,9.622,0.827,62.3,0.771,-0.087,0.667,2021
Malaysia,5.384,10.238,0.817,67.102,0.895,0.125,0.839,2021
Indonesia,5.345,9.365,0.811,62.236,0.873,0.542,0.867,2021
Congo Republic,5.342,8.117,0.636,58.221,0.695,-0.068,0.745,2021
China,5.339,9.673,0.811,69.593,0.904,-0.146,0.755,2021
Cote d'Ivoire,5.306,8.551,0.644,50.114,0.741,-0.016,0.794,2021
Armenia,5.283,9.487,0.799,67.055,0.825,-0.168,0.629,2021
Nepal,5.269,8.12,0.774,64.233,0.782,0.152,0.727,2021
Bulgaria,5.266,10.016,0.931,67.0,0.788,-0.096,0.932,2021
Maldives,5.198,9.826,0.913,70.6,0.854,0.024,0.825,2021
Azerbaijan,5.171,9.569,0.836,65.656,0.814,-0.223,0.506,2021
Cameroon,5.142,8.189,0.71,53.515,0.731,0.026,0.848,2021
Senegal,5.132,8.118,0.71,59.802,0.695,-0.046,0.801,2021
Albania,5.117,9.52,0.697,68.999,0.785,-0.03,0.901,2021
North Macedonia,5.101,9.693,0.805,65.474,0.751,0.038,0.905,2021
Ghana,5.088,8.58,0.727,57.586,0.807,0.123,0.848,2021
Niger,5.074,7.098,0.641,53.78,0.806,0.018,0.693,2021
Turkmenistan,5.066,9.629,0.983,62.409,0.877,0.273,0.888,2021
Gambia,5.051,7.686,0.69,55.16,0.697,0.424,0.746,2021
Benin,5.045,8.087,0.489,54.713,0.757,-0.034,0.661,2021
Laos,5.03,8.947,0.728,58.968,0.91,0.123,0.658,2021
Bangladesh,5.025,8.454,0.693,64.8,0.877,-0.041,0.682,2021
Guinea,4.984,7.838,0.639,55.008,0.697,0.095,0.766,2021
South Africa,4.956,9.403,0.86,56.904,0.749,-0.067,0.86,2021
T端rkiye,4.948,10.24,0.822,67.199,0.576,-0.139,0.776,2021
Pakistan,4.934,8.458,0.651,58.709,0.726,0.098,0.787,2021
Morocco,4.918,8.903,0.56,66.208,0.774,-0.236,0.801,2021
Venezuela,4.892,9.073,0.861,66.7,0.615,-0.169,0.827,2021
Georgia,4.891,9.585,0.671,64.3,0.783,-0.238,0.655,2021
Algeria,4.887,9.342,0.802,66.005,0.48,-0.067,0.752,2021
Ukraine,4.875,9.436,0.888,64.902,0.724,-0.011,0.924,2021
Iraq,4.854,9.24,0.746,60.583,0.63,-0.053,0.875,2021
Gabon,4.852,9.603,0.776,59.962,0.731,-0.2,0.84,2021
Burkina Faso,4.834,7.678,0.672,54.151,0.695,-0.009,0.748,2021
Cambodia,4.83,8.36,0.765,62.0,0.959,0.034,0.843,2021
Mozambique,4.794,7.158,0.744,54.706,0.882,0.061,0.684,2021
Nigeria,4.759,8.533,0.74,50.102,0.737,0.037,0.878,2021
Mali,4.723,7.744,0.724,51.969,0.697,-0.036,0.827,2021
Iran,4.721,9.584,0.71,66.3,0.608,0.218,0.714,2021
Uganda,4.636,7.677,0.781,56.101,0.709,0.122,0.855,2021
Liberia,4.625,7.288,0.72,56.498,0.735,0.05,0.85,2021
Kenya,4.607,8.361,0.688,60.704,0.779,0.287,0.825,2021
Tunisia,4.596,9.266,0.691,67.201,0.656,-0.201,0.87,2021
Lebanon,4.584,9.626,0.848,67.355,0.525,-0.073,0.898,2021
Namibia,4.574,9.161,0.818,56.799,0.719,-0.149,0.847,2021
Palestine,4.517,8.485,0.826,62.25,0.653,-0.163,0.821,2021
Myanmar,4.426,8.541,0.779,59.302,0.876,0.509,0.66,2021
Jordan,4.395,9.182,0.767,67.0,0.755,-0.167,0.705,2021
Chad,4.355,7.364,0.619,48.478,0.579,0.041,0.807,2021
Sri Lanka,4.325,9.47,0.827,67.299,0.841,0.079,0.863,2021
Eswatini,4.308,9.065,0.77,50.833,0.647,-0.185,0.708,2021
Comoros,4.289,8.031,0.626,57.349,0.548,0.082,0.781,2021
Egypt,4.283,9.367,0.75,61.998,0.749,-0.182,0.795,2021
Ethiopia,4.275,7.694,0.764,59.0,0.752,0.082,0.761,2021
Mauritania,4.227,8.542,0.795,57.161,0.561,-0.106,0.731,2021
Madagascar,4.208,7.396,0.686,59.305,0.552,-0.005,0.803,2021
Togo,4.107,7.362,0.569,54.914,0.619,0.032,0.772,2021
Zambia,4.073,8.145,0.708,55.809,0.782,0.061,0.823,2021
Sierra Leone,3.849,7.434,0.63,51.651,0.717,0.084,0.866,2021
India,3.819,8.755,0.603,60.633,0.893,0.089,0.774,2021
Burundi,3.775,6.635,0.49,53.4,0.626,-0.024,0.607,2021
Yemen,3.658,7.578,0.832,57.122,0.602,-0.147,0.8,2021
Tanzania,3.623,7.876,0.702,57.999,0.833,0.183,0.577,2021
Haiti,3.615,7.477,0.54,55.7,0.593,0.422,0.721,2021
Malawi,3.6,6.958,0.537,57.948,0.78,0.038,0.729,2021
Lesotho,3.512,7.926,0.787,48.7,0.715,-0.131,0.915,2021
Botswana,3.467,9.782,0.784,59.269,0.824,-0.246,0.801,2021
Rwanda,3.415,7.676,0.552,61.4,0.897,0.061,0.167,2021
Zimbabwe,3.145,7.943,0.75,56.201,0.677,-0.047,0.821,2021
Afghanistan,2.523,7.695,0.463,52.493,0.382,-0.102,0.924,2021
Finland,7.821,1.892,1.258,0.775,0.736,0.109,0.534,2022
Denmark,7.636,1.953,1.243,0.777,0.719,0.188,0.532,2022
Iceland,7.557,1.936,1.32,0.803,0.718,0.27,0.191,2022
Switzerland,7.512,2.026,1.226,0.822,0.677,0.147,0.461,2022
Netherlands,7.415,1.945,1.206,0.787,0.651,0.271,0.419,2022
Luxembourg,7.404,2.209,1.155,0.79,0.7,0.12,0.388,2022
Sweden,7.384,1.92,1.204,0.803,0.724,0.218,0.512,2022
Norway,7.365,1.997,1.239,0.786,0.728,0.217,0.474,2022
Israel,7.364,1.826,1.221,0.818,0.568,0.155,0.143,2022
New Zealand,7.2,1.852,1.235,0.752,0.68,0.245,0.483,2022
Austria,7.163,1.931,1.165,0.774,0.623,0.193,0.329,2022
Australia,7.162,1.9,1.203,0.772,0.676,0.258,0.341,2022
Ireland,7.041,2.129,1.166,0.779,0.627,0.19,0.408,2022
Germany,7.034,1.924,1.088,0.776,0.585,0.163,0.358,2022
Canada,7.025,1.886,1.188,0.783,0.659,0.217,0.368,2022
United States,6.977,1.982,1.182,0.628,0.574,0.22,0.177,2022
United Kingdom,6.943,1.867,1.143,0.75,0.597,0.289,0.329,2022
Czechia,6.92,1.815,1.26,0.715,0.66,0.158,0.048,2022
Belgium,6.805,1.907,1.106,0.764,0.492,0.049,0.204,2022
France,6.687,1.863,1.219,0.808,0.567,0.07,0.266,2022
Bahrain,6.647,1.854,1.029,0.625,0.693,0.199,0.155,2022
Slovenia,6.63,1.81,1.249,0.769,0.685,0.118,0.115,2022
Costa Rica,6.582,1.584,1.054,0.744,0.661,0.089,0.102,2022
United Arab Emirates,6.576,1.998,0.98,0.633,0.702,0.204,0.25,2022
Saudi Arabia,6.523,1.87,1.092,0.577,0.651,0.078,0.18,2022
Taiwan,6.512,1.897,1.095,0.733,0.542,0.075,0.168,2022
Singapore,6.48,2.149,1.127,0.851,0.672,0.163,0.587,2022
Romania,6.477,1.719,1.006,0.655,0.605,0.039,0.006,2022
Spain,6.476,1.808,1.211,0.808,0.505,0.101,0.149,2022
Uruguay,6.474,1.615,1.18,0.672,0.665,0.103,0.265,2022
Italy,6.467,1.834,1.052,0.801,0.412,0.085,0.059,2022
Kosovo,6.455,1.362,0.949,0.569,0.599,0.309,0.035,2022
Malta,6.447,1.838,1.169,0.789,0.679,0.174,0.166,2022
Lithuania,6.446,1.804,1.204,0.659,0.496,0.053,0.077,2022
Slovakia,6.391,1.736,1.232,0.707,0.479,0.118,0.025,2022
Estonia,6.341,1.793,1.232,0.728,0.689,0.123,0.333,2022
Panama,6.309,1.715,1.107,0.709,0.592,0.049,0.051,2022
Brazil,6.293,1.462,1.044,0.615,0.546,0.131,0.134,2022
Guatemala,6.262,1.274,0.831,0.522,0.662,0.112,0.115,2022
Kazakhstan,6.234,1.668,1.22,0.611,0.584,0.134,0.157,2022
Cyprus,6.221,1.815,0.909,0.819,0.448,0.123,0.062,2022
Latvia,6.18,1.732,1.221,0.637,0.502,0.075,0.09,2022
Serbia,6.178,1.55,1.086,0.658,0.546,0.219,0.088,2022
Chile,6.172,1.651,1.08,0.748,0.46,0.124,0.069,2022
Nicaragua,6.165,1.105,1.029,0.617,0.617,0.168,0.212,2022
Mexico,6.128,1.552,0.886,0.623,0.621,0.092,0.115,2022
Croatia,6.125,1.705,1.183,0.709,0.535,0.109,0.0,2022
Poland,6.123,1.758,1.174,0.712,0.523,0.124,0.14,2022
El Salvador,6.12,1.265,0.768,0.607,0.666,0.089,0.212,2022
Kuwait,6.106,1.904,0.983,0.747,0.617,0.087,0.147,2022
Hungary,6.086,1.748,1.233,0.668,0.485,0.078,0.064,2022
Mauritius,6.071,1.591,1.116,0.568,0.589,0.131,0.107,2022
Uzbekistan,6.063,1.219,1.092,0.6,0.716,0.283,0.24,2022
Japan,6.039,1.835,1.089,0.866,0.537,0.007,0.218,2022
Honduras,6.022,1.111,0.885,0.555,0.582,0.202,0.076,2022
Portugal,6.016,1.76,1.078,0.777,0.655,0.016,0.039,2022
Argentina,5.967,1.592,1.102,0.662,0.555,0.081,0.085,2022
Greece,5.948,1.703,0.98,0.774,0.249,0.015,0.108,2022
South Korea,5.935,1.851,0.886,0.841,0.414,0.111,0.176,2022
Philippines,5.904,1.268,0.912,0.514,0.678,0.107,0.142,2022
Thailand,5.891,1.535,1.096,0.697,0.617,0.321,0.026,2022
Moldova,5.857,1.417,1.008,0.597,0.561,0.102,0.028,2022
Jamaica,5.85,1.296,1.045,0.646,0.567,0.08,0.053,2022
Kyrgyz Republic,5.828,1.069,1.109,0.638,0.693,0.208,0.025,2022
Belarus,5.821,1.562,1.157,0.629,0.342,0.04,0.282,2022
Colombia,5.781,1.452,0.929,0.72,0.545,0.087,0.077,2022
Bosnia and Herzegovina,5.768,1.468,1.068,0.665,0.448,0.244,0.006,2022
Mongolia,5.761,1.393,1.197,0.467,0.398,0.247,0.059,2022
Dominican Republic,5.737,1.538,1.003,0.577,0.606,0.084,0.179,2022
Malaysia,5.711,1.689,0.938,0.62,0.654,0.213,0.126,2022
Bolivia,5.6,1.256,0.88,0.555,0.627,0.112,0.064,2022
China,5.585,1.508,0.958,0.705,0.656,0.099,0.142,2022
Paraguay,5.578,1.409,1.13,0.624,0.629,0.171,0.059,2022
Peru,5.559,1.397,0.865,0.735,0.545,0.09,0.037,2022
Montenegro,5.547,1.573,1.023,0.659,0.46,0.135,0.077,2022
Ecuador,5.533,1.352,0.879,0.708,0.565,0.08,0.083,2022
Vietnam,5.485,1.252,0.932,0.611,0.707,0.143,0.105,2022
Turkmenistan,5.474,1.484,1.319,0.516,0.649,0.314,0.032,2022
Cyprus,5.467,1.815,0.888,0.819,0.523,0.13,0.213,2022
Russia,5.459,1.685,1.095,0.586,0.401,0.117,0.08,2022
Hong Kong,5.425,1.957,0.954,0.942,0.4,0.147,0.383,2022
Armenia,5.399,1.434,0.82,0.668,0.558,0.054,0.21,2022
Tajikistan,5.377,0.966,1.005,0.518,0.572,0.118,0.304,2022
Nepal,5.377,0.984,0.784,0.499,0.519,0.237,0.13,2022
Bulgaria,5.371,1.625,1.163,0.64,0.563,0.123,0.021,2022
Libya,5.33,1.476,0.943,0.606,0.477,0.106,0.179,2022
Indonesia,5.24,1.382,0.883,0.539,0.62,0.468,0.047,2022
Cote d'Ivoire,5.235,1.094,0.442,0.322,0.451,0.149,0.124,2022
North Macedonia,5.199,1.505,0.863,0.637,0.488,0.215,0.031,2022
Albania,5.199,1.439,0.646,0.719,0.511,0.138,0.028,2022
South Africa,5.194,1.425,1.088,0.361,0.442,0.089,0.046,2022
Azerbaijan,5.173,1.458,1.093,0.56,0.601,0.023,0.341,2022
Gambia,5.164,0.785,0.621,0.369,0.367,0.388,0.103,2022
Bangladesh,5.155,1.06,0.614,0.581,0.622,0.125,0.187,2022
Laos,5.14,1.239,0.654,0.479,0.679,0.197,0.184,2022
Algeria,5.122,1.363,0.97,0.643,0.146,0.106,0.15,2022
Liberia,5.122,0.636,0.67,0.309,0.405,0.178,0.08,2022
Ukraine,5.084,1.411,1.081,0.583,0.473,0.188,0.017,2022
Congo Republic,5.075,0.95,0.405,0.355,0.431,0.13,0.146,2022
Morocco,5.06,1.208,0.268,0.565,0.492,0.02,0.102,2022
Mozambique,5.048,0.578,0.66,0.191,0.593,0.185,0.2,2022
Cameroon,5.048,0.968,0.672,0.317,0.397,0.152,0.074,2022
Senegal,5.046,0.933,0.53,0.447,0.494,0.143,0.081,2022
Niger,5.003,0.57,0.56,0.326,0.571,0.165,0.145,2022
Georgia,4.973,1.467,0.612,0.595,0.508,0.0,0.208,2022
Gabon,4.958,1.459,0.738,0.396,0.343,0.032,0.099,2022
Iraq,4.941,1.289,0.682,0.554,0.328,0.147,0.046,2022
Venezuela,4.925,0.0,0.968,0.578,0.283,0.225,0.082,2022
Guinea,4.891,0.848,0.566,0.275,0.334,0.214,0.116,2022
Iran,4.888,1.41,0.741,0.642,0.281,0.241,0.146,2022
Ghana,4.872,1.112,0.595,0.409,0.5,0.23,0.056,2022
T端rkiye,4.744,1.707,0.865,0.702,0.209,0.087,0.115,2022
Burkina Faso,4.67,0.779,0.565,0.32,0.382,0.186,0.126,2022
Cambodia,4.64,1.019,0.732,0.505,0.74,0.166,0.068,2022
Benin,4.623,0.932,0.064,0.335,0.479,0.127,0.23,2022
Comoros,4.609,0.899,0.476,0.424,0.185,0.195,0.125,2022
Uganda,4.603,0.777,0.875,0.418,0.402,0.222,0.066,2022
Nigeria,4.552,1.079,0.732,0.3,0.444,0.175,0.038,2022
Kenya,4.543,1.032,0.605,0.401,0.44,0.322,0.082,2022
Tunisia,4.516,1.35,0.596,0.656,0.316,0.029,0.029,2022
Pakistan,4.516,1.049,0.413,0.374,0.448,0.181,0.112,2022
Palestine,4.483,1.148,0.957,0.521,0.336,0.073,0.079,2022
Mali,4.479,0.792,0.483,0.311,0.35,0.128,0.042,2022
Namibia,4.459,1.292,0.877,0.354,0.384,0.067,0.071,2022
Eswatini,4.396,1.274,0.786,0.197,0.259,0.038,0.154,2022
Myanmar,4.394,1.038,0.829,0.491,0.513,0.452,0.194,2022
Sri Lanka,4.362,1.415,0.934,0.66,0.529,0.15,0.079,2022
Madagascar,4.339,0.67,0.645,0.378,0.202,0.143,0.154,2022
Egypt,4.288,1.388,0.732,0.548,0.469,0.041,0.254,2022
Chad,4.251,0.662,0.506,0.225,0.18,0.182,0.077,2022
Ethiopia,4.241,0.788,0.809,0.457,0.472,0.205,0.136,2022
Yemen,4.197,0.691,1.043,0.384,0.33,0.09,0.098,2022
Mauritania,4.153,1.1,0.865,0.45,0.304,0.088,0.138,2022
Jordan,4.152,1.324,0.724,0.675,0.476,0.058,0.2,2022
Togo,4.112,0.771,0.322,0.36,0.292,0.174,0.132,2022
India,3.777,1.167,0.376,0.471,0.647,0.198,0.123,2022
Zambia,3.76,0.93,0.577,0.306,0.525,0.203,0.083,2022
Malawi,3.75,0.648,0.279,0.388,0.477,0.14,0.157,2022
Tanzania,3.702,0.848,0.597,0.425,0.578,0.248,0.27,2022
Sierra Leone,3.574,0.686,0.416,0.273,0.387,0.202,0.055,2022
Lesotho,3.512,0.839,0.848,0.0,0.419,0.076,0.018,2022
Botswana,3.471,1.503,0.815,0.28,0.571,0.012,0.102,2022
Rwanda,3.268,0.785,0.133,0.462,0.621,0.187,0.544,2022
Zimbabwe,2.995,0.947,0.69,0.27,0.329,0.106,0.105,2022
Lebanon,2.955,1.392,0.498,0.631,0.103,0.082,0.034,2022
Afghanistan,2.404,0.758,0.0,0.289,0.0,0.089,0.005,2022
